date, pm25, pm10, o3, no2, so2, co
2024/4/1, 118, 72, 11, 1, 7, 7
2024/4/2, 103, 78, 11, 1, 8, 8
2024/4/3, 112, 73, 11, 1, 7, 8
2024/4/4, 100, 59, 11, 1, 8, 5
2024/4/5, 69, 54, 10, 1, 7, 6
2024/4/6, 63, 47, 10, 1, 7, 8
2024/4/7, 65, 48, 10, 1, 7, 7
2024/4/8, 45, 56, 6, 1, 7, 9
2024/4/9, 79, 67, 7, 1, 8, 11
2024/4/10, 99, 61, 10, 1, 8, 9
2024/4/11, 86, 61, 10, 1, 7, 6
2024/4/12, 72, 54, 10, 1, 7, 4
2024/4/13, 55, 59, 10, 1, 7, 5
2024/4/24, 136, 65, , 1, 8, 7
2024/4/25, 105, 75, 9, 1, 7, 9
2024/4/26, 114, 76, 9, 1, 8, 7
2024/4/27, 120, , , , , 
2024/1/1, 140, 65, 13, 27, 24, 8
2024/1/2, 98, 52, 11, 21, 23, 7
2024/1/3, 70, 64, 7, 31, 25, 10
2024/1/4, 122, 80, 12, 34, 24, 10
2024/1/5, 152, 66, 14, 28, 24, 8
2024/1/6, 106, 64, 14, 27, 23, 7
2024/1/7, 95, 64, 13, 23, 23, 7
2024/1/8, 90, 62, 9, 25, 23, 8
2024/1/9, 82, 55, 6, 22, 23, 9
2024/1/10, 83, 29, 5, 16, 23, 7
2024/1/11, 51, 16, 5, 15, 15, 7
2024/1/12, 31, 44, 5, 19, 8, 9
2024/1/13, 82, 62, 7, 22, 8, 9
2024/1/14, 116, 67, 6, 26, 8, 10
2024/1/15, 108, 68, 7, 31, 8, 10
2024/1/16, 100, 64, 5, 27, 9, 10
2024/1/17, 112, , , , , 
2024/1/24, 69, 49, 12, 15, 7, 5
2024/1/25, 90, 54, 10, 14, 7, 4
2024/1/26, 116, 46, 8, 13, 8, 5
2024/1/27, 112, 40, 11, 12, 8, 4
2024/1/28, 89, 50, 10, 18, 8, 7
2024/1/29, 117, 68, 6, 24, 8, 10
2024/1/30, 160, 79, 6, 25, 8, 13
2024/1/31, 175, 84, 6, 26, 8, 13
2024/2/1, 170, 83, 10, 23, 8, 11
2024/2/2, 145, 50, 6, 18, 8, 6
2024/2/3, 64, 45, 8, 16, 7, 5
2024/2/4, 60, 49, 7, 15, 7, 5
2024/2/5, 66, 54, 6, 9, 7, 8
2024/2/6, 79, 48, 5, 1, 8, 6
2024/2/7, 76, 28, 10, 1, , 4
2024/2/8, 59, 34, 17, 1, 7, 4
2024/2/9, 65, 58, 18, 5, 7, 4
2024/2/10, 142, 42, 16, 9, 7, 5
2024/2/11, 91, 54, 16, 11, 7, 4
2024/2/12, 113, 43, 13, 6, 7, 2
2024/2/13, 63, 43, 13, 6, 7, 3
2024/2/14, 59, 57, 9, 7, 7, 7
2024/2/15, 82, 63, 10, 6, 8, 7
2024/2/16, 118, 54, 11, 4, 8, 5
2024/2/17, 89, 48, 8, 4, 7, 4
2024/2/18, 68, 49, 6, 4, 7, 6
2024/2/19, 57, 52, 6, 3, 7, 5
2024/2/20, 75, 56, 7, 4, 7, 6
2024/2/21, 78, 55, 6, 4, 7, 8
2024/2/22, 70, 52, 6, 3, 7, 7
2024/2/23, 96, 17, 5, 2, 8, 4
2024/2/24, 38, 22, 5, 2, 8, 4
2024/2/25, 38, 34, 5, 3, 8, 5
2024/2/26, 62, 26, 6, 3, 8, 4
2024/2/27, 47, 43, 5, 3, 8, 6
2024/2/28, 86, 29, 9, 2, 8, 4
2024/2/29, 55, 27, 11, 3, 8, 5
2024/3/1, 46, 42, 12, 3, 8, 6
2024/3/2, 84, 58, 10, 3, 8, 5
2024/3/3, 127, 70, 7, 3, 8, 12
2024/3/4, 145, 111, 16, 3, 8, 12
2024/3/5, 197, 93, 14, 2, 8, 9
2024/3/6, 167, 73, 11, 2, 7, 8
2024/3/7, 131, 86, 7, 1, 8, 10
2024/3/8, 170, 77, 7, 1, 8, 7
2024/3/9, 154, 41, 6, 1, 8, 6
2024/3/10, 65, 45, 10, 1, 9, 9
2024/3/11, 74, 78, 10, 1, 8, 9
2024/3/12, 148, 66, 9, 1, 8, 9
2024/3/13, 118, 44, 7, 1, 8, 9
2024/3/14, 83, 62, 5, 1, 8, 11
2024/3/15, 109, 58, 9, 1, 8, 7
2024/3/16, 73, 57, 8, 1, 8, 6
2024/3/17, 80, 53, 10, 1, 7, 8
2024/3/18, 68, 43, 15, 1, 7, 5
2024/3/19, 65, 58, 8, 1, 8, 10
2024/3/20, 88, 78, 14, 1, 8, 9
2024/3/21, 130, 72, 13, 1, 8, 8
2024/3/22, 112, 56, 9, 1, 8, 5
2024/3/23, 76, 54, 11, 1, 7, 6
2024/3/24, 72, 56, 11, 1, 7, 7
2024/3/25, 72, 59, 11, 1, 7, 6
2024/3/26, 73, 60, 10, 1, 7, 5
2024/3/27, 93, 63, 11, 1, 7, 8
2024/3/28, 89, 67, 10, 1, 8, 9
2024/3/29, 104, 67, 8, 1, 8, 8
2024/3/30, 103, 68, 11, 1, 7, 7
2024/3/31, 109, 77, 11, 1, 7, 7
2023/10/1, 70, 47, 7, 31, 20, 9
2023/10/2, 77, 53, 12, 31, 20, 8
2023/10/3, 91, 53, 11, 30, 21, 8
2023/10/4, 90, 50, 9, 27, 20, 8
2023/10/5, 71, 53, 7, 24, 20, 7
2023/10/6, 67, 46, 7, 19, 20, 6
2023/10/7, 60, 28, 20, 18, 19, 4
2023/10/8, 41, 39, 20, 20, 19, 4
2023/10/9, 63, 35, 19, 20, 19, 4
2023/10/10, 50, 43, 19, 22, 20, 5
2023/10/11, 66, 37, 11, 19, 20, 4
2023/10/12, 57, 49, 15, 24, 20, 6
2023/10/13, 80, 56, 17, 20, 21, 5
2023/10/14, 96, 34, 20, 17, 20, 4
2023/10/15, 50, 58, 23, 27, 20, 7
2023/10/16, 107, 68, 37, 31, 21, 8
2023/10/17, 127, 76, 23, 33, 22, 9
2023/10/18, 140, 76, 18, 27, 22, 7
2023/10/19, 132, 48, 17, 20, 21, 5
2023/10/20, 70, 38, 22, 22, 20, 5
2023/10/21, 49, 48, 23, 25, 20, 5
2023/10/22, 76, 64, 17, 27, 21, 7
2023/10/23, 117, 74, 15, 32, 22, 8
2023/10/24, 133, 79, 17, 30, 22, 8
2023/10/25, 148, 62, 11, 37, 22, 9
2023/10/26, 98, 86, 15, 39, 23, 9
2023/10/27, 155, 53, 9, 21, 22, 5
2023/10/28, 77, 41, 8, 17, 21, 4
2023/10/29, 67, 36, 12, 27, 22, 9
2023/10/30, 50, 62, 21, 29, 28, 9
2023/10/31, 113, 68, 24, 27, 24, 6
2023/11/1, 124, 79, 25, 36, 28, 8
2023/11/2, 142, 62, 13, 27, 30, 7
2023/11/3, 98, 46, 7, 21, 26, 6
2023/11/4, 52, 46, 7, 20, 24, 5
2023/11/5, 52, 51, 7, 25, 26, 7
2023/11/6, 63, 35, 7, 19, 30, 5
2023/11/7, 45, 64, 21, 26, 31, 7
2023/11/8, 107, 56, 8, 28, 31, 8
2023/11/9, 80, 55, 8, 25, 31, 8
2023/11/10, 76, 50, 6, 23, 31, 7
2023/11/11, 59, 48, 6, 25, 31, 6
2023/11/12, 68, 24, 6, 12, 40, 4
2023/11/13, 24, 28, 9, 18, 43, 5
2023/11/14, 37, 58, 7, 23, 38, 7
2023/11/15, 106, 38, 11, 16, 37, 4
2023/11/16, 62, 45, 20, 32, 35, 9
2023/11/17, 66, 74, 21, 37, 29, 9
2023/11/18, 140, 78, 23, 40, 27, 10
2023/11/19, 150, 84, 34, 35, 26, 8
2023/11/20, 167, , , , , 
2023/11/22, 187, 80, 18, 34, 24, 8
2023/11/23, 152, 83, 13, 41, 25, 12
2023/11/24, 150, 87, 15, 42, 24, 9
2023/11/25, 140, 79, 27, 32, 23, 7
2023/11/26, 137, 92, 29, 38, 25, 11
2023/11/27, 160, 91, 22, 36, 24, 9
2023/11/28, 164, 107, 30, 41, 24, 10
2023/11/29, 187, 92, 15, 30, 24, 7
2023/11/30, 172, 36, 15, 15, 24, 4
2023/12/1, 65, 52, 9, 16, 25, 5
2023/12/2, 103, 53, 7, 16, 25, 5
2023/12/3, 107, 44, 7, 18, 24, 6
2023/12/4, 69, 65, 5, 23, 24, 7
2023/12/5, 112, 61, 8, 21, 24, 6
2023/12/6, 109, 62, 16, 33, 24, 11
2023/12/7, 119, 75, 16, 41, 24, 9
2023/12/8, 133, 80, 11, 34, 24, 9
2023/12/9, 141, 59, 9, 23, 24, 7
2023/12/10, 79, 74, 7, 31, 25, 11
2023/12/11, 88, 80, 6, 32, 25, 13
2023/12/12, 102, 61, 11, 28, 23, 8
2023/12/13, 79, 63, 8, 25, 23, 7
2023/12/14, 87, 62, 7, 27, 23, 8
2023/12/15, 75, 62, 6, 21, 23, 6
2023/12/16, 73, 33, 9, 16, 22, 4
2023/12/17, 45, 58, 7, 18, 23, 5
2023/12/18, 113, 34, 9, 12, 23, 3
2023/12/19, 57, 34, 13, 15, 23, 4
2023/12/20, 57, 53, 15, 24, 23, 7
2023/12/21, 100, 57, 21, 24, 23, 6
2023/12/22, 98, 66, 25, 31, 23, 8
2023/12/23, 134, 72, 23, 17, 23, 4
2023/12/24, 157, , , , , 
2023/12/29, 182, 107, 12, 31, 24, 9
2023/12/30, 192, 71, 7, 30, 24, 8
2023/12/31, 118, 81, 16, 32, 24, 8
2023/7/1, 61, 52, , 22, 18, 8
2023/7/2, 56, 54, , 29, 19, 11
2023/7/3, 64, 47, , 24, 19, 7
2023/7/4, 57, 49, , 27, 19, 10
2023/7/5, 51, 44, , 19, 19, 6
2023/7/6, 41, 39, , 21, 19, 4
2023/7/7, 34, 36, , 18, 19, 5
2023/7/8, 35, 39, , 26, 19, 6
2023/7/9, 30, 46, , 28, 19, 7
2023/7/10, 46, 44, 16, 27, 19, 7
2023/7/11, 48, 41, 11, 30, 19, 6
2023/7/12, 42, 49, 16, 32, 19, 8
2023/7/13, 56, 45, 11, 26, 19, 7
2023/7/14, 52, 51, 15, 27, 19, 6
2023/7/15, 68, 59, 21, 27, 19, 6
2023/7/16, 79, 74, 25, 31, 19, 7
2023/7/17, 105, 61, 19, 23, 19, 4
2023/7/18, 82, 41, 10, 31, 19, 9
2023/7/19, 60, 57, 8, 28, 19, 10
2023/7/20, 81, 55, 8, 26, 19, 8
2023/7/21, 74, 46, 8, 24, 19, 6
2023/7/22, 48, 35, 8, 20, 19, 4
2023/7/23, 33, 41, 8, 25, 19, 7
2023/7/24, 42, 41, 8, 26, 19, 7
2023/7/25, 39, 49, 15, 28, 19, 7
2023/7/26, 55, 57, 19, 29, 20, 8
2023/7/27, 76, 53, 11, 29, 19, 7
2023/7/28, 64, 54, 18, 26, 19, 7
2023/7/29, 77, 54, 8, 29, 19, 8
2023/7/30, 71, 47, 7, 31, 19, 10
2023/7/31, 60, 39, 9, 29, 19, 10
2023/8/1, 55, 52, 8, 27, 19, 8
2023/8/2, 67, 48, 8, 21, 19, 7
2023/8/3, 58, 33, 6, 26, 20, 10
2023/8/4, 43, 37, 7, 23, 20, 10
2023/8/5, 52, 44, 7, 25, 20, 9
2023/8/6, 43, 49, 6, 27, 20, 10
2023/8/7, 50, 53, 6, 30, 20, 10
2023/8/8, 53, 52, 9, 26, 20, 9
2023/8/9, 68, 55, 7, 30, 20, 11
2023/8/10, 76, 63, 6, 33, 21, 13
2023/8/11, 94, 58, 8, 28, 20, 9
2023/8/12, 73, 55, 12, 24, 19, 5
2023/8/13, 75, 49, 11, 32, 20, 8
2023/8/14, 54, 42, 11, 30, 19, 8
2023/8/15, 58, 61, 7, 36, 20, 11
2023/8/16, 80, 62, 13, 29, 20, 9
2023/8/17, 86, 53, 12, 28, 20, 8
2023/8/18, 63, 64, 7, 38, 20, 12
2023/8/19, 92, 47, 6, 27, 20, 9
2023/8/20, 57, 55, 6, 35, 20, 11
2023/8/21, 67, 55, 8, 31, 20, 9
2023/8/22, 63, 55, 16, 27, 19, 7
2023/8/23, 70, 45, 8, 30, 18, 8
2023/8/24, 59, 55, 9, 26, 19, 7
2023/8/25, 79, 43, 8, 28, 20, 8
2023/8/26, 50, 54, 12, 28, 20, 9
2023/8/27, 71, 35, 9, 23, 20, 7
2023/8/28, 45, 46, 10, 22, 19, 6
2023/8/29, 62, 41, 20, 22, 19, 5
2023/8/30, 53, 55, 26, 29, 19, 6
2023/8/31, 88, 64, 25, 26, 19, 5
2023/9/1, 104, 60, 23, 23, 19, 5
2023/9/2, 104, 55, 15, 24, 20, 5
2023/9/3, 81, 26, 9, 18, 19, 3
2023/9/4, 37, 42, 10, 25, 20, 7
2023/9/5, 57, 64, 12, 25, 20, 6
2023/9/6, 98, 58, 20, 22, 20, 6
2023/9/7, 92, 43, 14, 19, 19, 4
2023/9/8, 59, 49, 12, 23, 20, 7
2023/9/9, 70, 59, 12, 22, 19, 6
2023/9/10, 98, 61, 11, 27, 20, 8
2023/9/11, 90, 60, 7, 33, 20, 9
2023/9/12, 93, 32, 9, 17, 19, 4
2023/9/13, 43, 13, 8, 15, 19, 3
2023/9/14, 31, 4, 9, 19, 19, 5
2023/9/15, 51, , 8, 24, 19, 7
2023/9/16, 77, , 7, 26, 20, 7
2023/9/17, 78, , 7, 30, 20, 10
2023/9/18, 65, 14, 7, 25, 19, 8
2023/9/19, 50, 21, 7, 21, 20, 7
2023/9/20, 31, 25, 6, 21, 20, 7
2023/9/21, 35, 24, 6, 23, 20, 6
2023/9/22, 35, 26, 6, 25, 20, 7
2023/9/23, 37, 38, 6, 28, 20, 7
2023/9/24, 58, 51, 8, 24, 20, 6
2023/9/25, 86, 48, 6, 21, 20, 5
2023/9/26, 77, 23, 6, 19, 20, 6
2023/9/27, 34, 29, 6, 21, 20, 6
2023/9/28, 43, 51, 8, 25, 20, 8
2023/9/29, 81, 59, 9, 22, 20, 6
2023/9/30, 105, 41, 6, 25, 20, 6
2023/4/1, 104, 49, 9, 26, 20, 9
2023/4/2, 69, 54, 11, 25, 18, 9
2023/4/3, 72, 70, 12, 30, 19, 12
2023/4/4, 95, 77, 12, 30, 18, 8
2023/4/5, 121, 70, 13, 27, 18, 8
2023/4/6, 105, 69, 10, 31, 18, 7
2023/4/7, 91, 73, 15, 24, 18, 3
2023/4/8, 103, 71, 9, 28, 19, 6
2023/4/9, 108, 59, 5, 33, 19, 10
2023/4/10, 99, 61, 7, 31, 19, 11
2023/4/11, 101, 60, 9, 32, 19, 12
2023/4/12, 94, 45, 10, 28, 18, 8
2023/4/13, 61, 48, 11, 32, 18, 13
2023/4/14, 71, 68, 12, 31, 18, 11
2023/4/15, 105, 74, 10, 34, 18, 9
2023/4/16, 99, 70, 12, 25, 17, 6
2023/4/17, 100, 60, 13, 24, 18, 13
2023/4/18, 84, 83, 19, 27, 18, 11
2023/4/19, 122, 87, 18, 40, 19, 12
2023/4/20, 127, 85, 17, 40, 18, 11
2023/4/21, 130, 77, 17, 24, 18, 8
2023/4/22, 109, 61, 17, 21, 17, 5
2023/4/23, 83, 59, 18, 21, 18, 7
2023/4/24, 72, 46, 16, 25, 17, 4
2023/4/25, 42, 55, 12, 29, 18, 5
2023/4/26, 68, 66, 13, 32, 18, 5
2023/4/27, 96, 54, 12, 22, 18, 5
2023/4/28, 58, 46, 12, 25, 18, 4
2023/4/29, 41, 57, 12, 25, 18, 3
2023/4/30, 53, 80, 22, 26, 18, 3
2023/5/1, 100, 67, 16, 21, 18, 2
2023/5/2, 70, 45, 14, 14, 17, 1
2023/5/3, 45, 49, 20, 16, 17, 5
2023/5/4, 60, 63, 25, 24, 18, 8
2023/5/5, 77, 72, 31, 22, 18, 6
2023/5/6, 99, 66, 25, 21, 18, 4
2023/5/7, 90, 47, 69, 27, 18, 5
2023/5/8, 51, 58, 25, 30, 19, 10
2023/5/9, 83, 54, 34, 26, 18, 9
2023/5/10, 74, 44, 60, 32, 18, 7
2023/5/11, 40, 40, 14, 26, 18, 7
2023/5/12, 41, 32, 18, 18, 18, 2
2023/5/13, 35, 39, 19, 25, 18, 6
2023/5/14, 56, 52, 33, 29, 18, 6
2023/5/15, 67, 50, 36, 23, 18, 6
2023/5/16, 65, 72, 39, 29, 18, 7
2023/5/17, 103, 81, 36, 24, 19, 8
2023/5/18, 122, 67, 38, 44, 19, 8
2023/5/19, 96, 68, 102, 24, 18, 6
2023/5/20, 104, 63, 102, 21, 18, 5
2023/5/21, 92, 67, 126, 24, 18, 8
2023/5/22, 95, 65, 103, 27, 18, 6
2023/5/23, 91, 62, 74, 21, 18, 5
2023/5/24, 90, 51, 53, 33, 18, 9
2023/5/25, 59, 50, 46, 25, 19, 9
2023/5/26, 56, 47, 61, 22, 18, 7
2023/5/27, 49, 39, 55, 18, 18, 5
2023/5/28, 46, 53, 77, 33, 18, 8
2023/5/29, 62, 58, 49, 31, 19, 8
2023/5/30, 69, 62, 41, 27, 19, 7
2023/5/31, 86, 61, 80, 23, 19, 7
2023/6/1, 95, 61, 92, 32, 19, 9
2023/6/2, 82, 57, 34, 25, 18, 6
2023/6/3, 72, 59, 36, 30, 18, 6
2023/6/4, 75, 57, 28, 33, 19, 10
2023/6/5, 83, 55, 37, 21, 19, 7
2023/6/6, 77, 52, 60, 23, 19, 5
2023/6/7, 75, 65, 40, 31, 19, 9
2023/6/8, 114, 40, 25, 22, 18, 8
2023/6/9, 47, 61, 24, 32, 18, 9
2023/6/10, 89, 67, 29, 19, 18, 5
2023/6/11, 115, 65, 22, 29, 19, 12
2023/6/12, 101, 49, 26, 20, 18, 5
2023/6/13, 78, 35, 15, 19, 18, 6
2023/6/14, 42, 44, 40, 26, 18, 9
2023/6/15, 51, 53, 135, 34, 18, 9
2023/6/16, 58, 49, , 24, 18, 6
2023/6/17, 47, 39, , 22, 18, 7
2023/6/18, 41, 55, , 29, 19, 10
2023/6/19, 54, 57, 21, 30, 19, 10
2023/6/20, 66, 56, 127, 31, 19, 10
2023/6/21, 62, 65, 138, 37, 19, 13
2023/6/22, 78, 41, 13, 22, 18, 6
2023/6/23, 49, 40, , 24, 19, 11
2023/6/24, 45, 22, , 20, 18, 7
2023/6/25, 25, 50, , 28, 19, 12
2023/6/26, 60, 53, , 27, 19, 10
2023/6/27, 57, 35, , 20, 19, 6
2023/6/28, 36, 36, , 17, 18, 5
2023/6/29, 41, 47, , 25, 18, 8
2023/6/30, 50, 52, , 25, 18, 8
2023/1/2, 164, 59, 4, 29, 18, 8
2023/1/3, 123, 100, 3, 37, 18, 11
2023/1/4, 173, 81, 5, 31, 18, 8
2023/1/5, 153, 56, 9, 20, 18, 4
2023/1/6, 97, 75, 10, 36, 18, 11
2023/1/7, 137, 118, 11, 43, 18, 10
2023/1/8, 197, 114, 10, 39, 18, 11
2023/1/9, 195, 104, 3, 31, 18, 9
2023/1/10, 178, 81, 2, 21, 18, 10
2023/1/11, 148, 57, 1, 19, 18, 10
2023/1/12, 98, 62, 2, 23, 18, 11
2023/1/13, 108, 77, 10, 24, 18, 9
2023/1/14, 136, 62, 5, 16, 18, 6
2023/1/15, 107, 33, 6, 13, 17, 5
2023/1/16, 50, 62, 6, 8, 18, 4
2023/1/17, 102, 65, 9, 9, 18, 6
2023/1/18, 108, 91, 7, 10, 18, 8
2023/1/19, 160, 99, 7, 9, 18, 9
2023/1/20, 177, 121, 17, 14, 18, 7
2023/1/21, 197, 120, 8, 14, 18, 7
2023/1/22, 207, 86, 4, 15, 18, 5
2023/1/23, 151, 50, 13, 10, 17, 2
2023/1/24, 68, 67, 11, 12, 18, 3
2023/1/25, 112, 82, 7, 9, 18, 5
2023/1/26, 143, 72, 10, 10, 18, 4
2023/1/27, 127, 68, 14, 12, 18, 4
2023/1/28, 107, 88, 16, 15, 18, 9
2023/1/29, 150, 115, 14, 28, 18, 7
2023/1/30, 187, 89, 7, 36, 18, 9
2023/1/31, 155, 75, 7, 35, 18, 9
2023/2/1, 136, 64, 2, 29, 18, 9
2023/2/2, 107, , , , , 
2023/2/10, 57, 40, 7, 16, 20, 3
2023/2/11, 52, 51, 7, 20, 19, 4
2023/2/12, 68, 61, 7, 31, 20, 10
2023/2/13, 88, 55, 7, 23, 20, 5
2023/2/14, 71, 61, 11, 23, 20, 4
2023/2/15, 100, 73, 11, 27, 20, 5
2023/2/16, 130, 111, 8, 41, 21, 10
2023/2/17, 179, 79, 7, 42, 21, 9
2023/2/18, 129, 84, 7, 26, 20, 5
2023/2/19, 145, 69, 17, 29, 20, 7
2023/2/20, 121, 87, 13, 46, 20, 10
2023/2/21, 149, 71, 14, 38, 20, 8
2023/2/22, 99, 74, 9, 41, 20, 8
2023/2/23, 99, , , , , 
2023/2/25, 70, 73, 25, 31, 21, 4
2023/2/26, 123, 94, 20, 42, 21, 7
2023/2/27, 159, 92, 15, 44, 22, 8
2023/2/28, 151, 81, 6, 39, 22, 9
2023/3/1, 123, 110, 25, 38, 22, 7
2023/3/2, 183, 110, 17, 45, 20, 8
2023/3/3, 172, 77, , 26, 17, 4
2023/3/4, 128, 98, , 32, 17, 6
2023/3/5, 167, 91, 19, 39, 17, 7
2023/3/6, 143, 71, 19, 33, 17, 6
2023/3/7, 98, 68, 14, 38, 18, 11
2023/3/8, 88, 90, 19, 29, 18, 6
2023/3/9, 148, 88, 12, 32, 18, 6
2023/3/10, 133, 73, 7, 34, 18, 9
2023/3/11, 104, 79, 15, 34, 18, 6
2023/3/12, 122, 73, 19, 16, 17, 2
2023/3/13, 67, 94, 21, 29, 17, 4
2023/3/14, 118, 97, 12, 37, 18, 9
2023/3/15, 136, 64, 11, 26, 18, 5
2023/3/16, 76, 56, 9, 25, 18, 7
2023/3/17, 65, 56, 8, 25, 17, 5
2023/3/18, 64, 52, 8, 19, 17, 3
2023/3/19, 60, 53, 8, 21, 17, 5
2023/3/20, 66, 60, 9, 31, 18, 11
2023/3/21, 87, 78, 15, 31, 18, 8
2023/3/22, 132, 78, 15, 33, 18, 10
2023/3/23, 117, 77, 11, 31, 18, 9
2023/3/24, 120, 66, 11, 26, 18, 9
2023/3/25, 90, 51, 6, 18, 19, 4
2023/3/26, 56, 44, 7, 19, 19, 5
2023/3/27, 54, 57, 7, 22, 19, 5
2023/3/28, 67, 50, 8, 21, 19, 6
2023/3/29, 69, 60, 5, 26, 19, 7
2023/3/30, 79, 88, 5, 41, 20, 14
2023/3/31, 135, 68, 5, 37, 21, 13
2022/10/1, 29, 15, 5, 20, 16, 8
2022/10/2, 22, 23, 6, 24, 16, 11
2022/10/3, 37, 28, 7, 28, 16, 10
2022/10/4, 44, 27, 6, 30, 16, 8
2022/10/5, 41, 28, 7, 31, 16, 10
2022/10/6, 44, 27, 6, 33, 16, 12
2022/10/7, 41, 24, 8, 32, 16, 9
2022/10/8, 37, 20, 6, 22, 16, 4
2022/10/9, 33, 14, 10, 23, 16, 5
2022/10/10, 19, 37, 14, 26, 16, 6
2022/10/11, 60, 34, 20, 37, 16, 6
2022/10/12, 49, 35, 22, 40, 16, 10
2022/10/13, 52, 42, 20, 33, 17, 6
2022/10/14, 70, 35, 23, 34, 16, 7
2022/10/15, 55, 40, 19, 31, 16, 6
2022/10/16, 70, 24, 20, 27, 16, 5
2022/10/17, 38, 31, 25, 29, 16, 4
2022/10/18, 48, 35, 14, 31, 16, 6
2022/10/19, 59, 12, 10, 18, 16, 2
2022/10/20, 24, 15, 4, 22, 16, 5
2022/10/21, 27, 30, 8, 29, 16, 12
2022/10/22, 48, 42, 12, 34, 17, 12
2022/10/23, 66, 48, 19, 36, 17, 9
2022/10/24, 86, 36, 14, 37, 16, 9
2022/10/25, 60, 46, 10, 34, 16, 9
2022/10/26, 80, 34, 6, 31, 17, 9
2022/10/27, 50, 39, 8, 44, 17, 12
2022/10/28, 55, 48, 21, 40, 17, 9
2022/10/29, 84, 39, 16, 30, 16, 7
2022/10/30, 70, 18, 10, 22, 17, 4
2022/10/31, 29, 21, 13, 28, 17, 6
2022/11/1, 30, 29, 17, 38, 17, 12
2022/11/2, 47, 5, 20, 45, 18, 15
2022/11/3, 11, 5, 17, 40, 19, 11
2022/11/4, 10, 4, 19, 32, 18, 6
2022/11/5, 8, 5, 22, 35, 18, 7
2022/11/6, 9, 26, 7, 47, 18, 12
2022/11/7, 43, 54, 18, 37, 18, 9
2022/11/8, 101, 49, 18, 35, 18, 8
2022/11/9, 92, 44, 2, 36, 19, 12
2022/11/10, 77, 38, 2, 34, 19, 11
2022/11/11, 66, 28, 4, 33, 19, 10
2022/11/12, 44, 36, 3, 33, 19, 9
2022/11/13, 60, 34, 4, 37, 19, 15
2022/11/14, 53, 28, 2, 29, 19, 11
2022/11/15, 47, 21, 3, 28, 19, 9
2022/11/16, 34, 16, 3, 22, 19, 9
2022/11/17, 25, 19, 3, 25, 18, 9
2022/11/18, 29, 22, 3, 28, 17, 11
2022/11/19, 33, 26, 7, 24, 17, 7
2022/11/20, 42, 41, 4, 37, 17, 11
2022/11/21, 67, 41, 7, 31, 17, 8
2022/11/22, 73, 35, 6, 26, 17, 8
2022/11/23, 62, 21, 2, 19, 17, 5
2022/11/24, 38, 24, 1, 21, 17, 8
2022/11/25, 40, 27, 2, 18, 17, 10
2022/11/26, 45, 17, 3, 17, 17, 3
2022/11/27, 26, 15, 3, 20, 17, 6
2022/11/28, 21, 19, 4, 21, 17, 7
2022/11/29, 28, 13, 3, 17, 17, 6
2022/11/30, 19, 1, 1, 13, 17, 3
2022/12/1, 3, 12, 4, 15, 17, 3
2022/12/2, 22, 22, 5, 23, 17, 5
2022/12/3, 38, 17, 2, 14, 17, 3
2022/12/4, 30, 13, 3, 17, 17, 4
2022/12/5, 20, 34, 5, 28, 17, 8
2022/12/6, 58, 39, 7, 24, 17, 5
2022/12/7, 71, 27, 2, 18, 17, 5
2022/12/8, 50, 26, 2, 17, 17, 4
2022/12/9, 49, 23, 2, 17, 17, 4
2022/12/10, 43, 33, 7, 26, 17, 7
2022/12/11, 57, 35, 15, 32, 17, 11
2022/12/12, 64, 34, 11, 45, 17, 9
2022/12/13, 56, 31, 17, 33, 17, 7
2022/12/14, 53, 35, 14, 47, 18, 9
2022/12/15, 59, 40, 22, 44, 18, 9
2022/12/16, 72, 19, 13, 25, 17, 4
2022/12/17, 31, 13, 15, 25, 17, 3
2022/12/18, 21, 30, 14, 41, 17, 8
2022/12/19, 52, 41, 9, 49, 17, 9
2022/12/20, 70, 29, 18, 40, 18, 13
2022/12/21, 49, 40, 17, 41, 18, 9
2022/12/22, 71, 28, 8, 45, 18, 8
2022/12/23, 49, 21, 16, 44, 18, 8
2022/12/24, 39, 19, 8, 42, 18, 7
2022/12/25, 36, 11, 6, 43, 18, 10
2022/12/26, 23, 9, 5, 43, 18, 10
2022/12/27, 19, 10, 4, 27, 18, 4
2022/12/28, 20, 19, 5, 17, 18, 4
2022/12/29, 53, 33, 5, 21, 18, 5
2022/12/30, 94, 47, 5, 23, 18, 5
2022/12/31, 129, 54, 11, 32, 18, 7
2023/1/1, 144, 66, 8, 28, 18, 6
2022/7/1, 37, 17, 9, 21, 14, 3
2022/7/2, 24, 15, 11, 22, 14, 3
2022/7/3, 21, 22, 11, 28, 14, 5
2022/7/4, 33, 22, 8, 27, 14, 8
2022/7/5, 32, 33, 10, 31, 14, 9
2022/7/6, 53, 19, 6, 23, 14, 10
2022/7/7, 28, 25, 6, 27, 14, 10
2022/7/8, 39, 32, 6, 25, 14, 9
2022/7/9, 51, 26, 8, 21, 14, 4
2022/7/10, 43, 20, 6, 25, 14, 5
2022/7/11, 31, 19, 6, 25, 15, 8
2022/7/12, 30, 20, 7, 24, 15, 7
2022/7/13, 30, 22, 6, 23, 15, 5
2022/7/14, 36, 13, 6, 23, 15, 5
2022/7/15, 21, 12, 6, 20, 14, 4
2022/7/16, 18, 13, 7, 21, 15, 4
2022/7/17, 20, 19, 6, 29, 15, 9
2022/7/18, 29, 16, 5, 23, 15, 7
2022/7/19, 24, 17, 5, 23, 15, 9
2022/7/20, 25, 22, 5, 20, 15, 9
2022/7/21, 36, 17, 2, 23, 15, 9
2022/7/22, 27, 21, 2, 23, 15, 3
2022/7/23, 35, 14, 2, 20, 15, 3
2022/7/24, 21, 14, 2, 21, 15, 4
2022/7/25, 21, 15, 2, 21, 15, 4
2022/7/26, 22, 14, 2, 20, 15, 3
2022/7/27, 20, 19, 3, 26, 15, 7
2022/7/28, 28, 23, 3, 28, 15, 7
2022/7/29, 36, 22, 5, 30, 15, 7
2022/7/30, 35, 15, 2, 27, 15, 4
2022/7/31, 23, 19, 3, 27, 15, 6
2022/8/1, 31, 19, 3, 29, 16, 7
2022/8/2, 31, 18, 5, 29, 15, 7
2022/8/3, 29, 19, 3, 29, 15, 7
2022/8/4, 28, 17, 4, 30, 15, 6
2022/8/5, 27, 16, 2, 27, 15, 11
2022/8/6, 26, 20, 3, 25, 15, 7
2022/8/7, 33, 18, 6, 21, 15, 6
2022/8/8, 29, 12, 7, 23, 15, 5
2022/8/9, 20, 14, 8, 20, 15, 4
2022/8/10, 23, 7, 6, 17, 15, 6
2022/8/11, 12, 14, 5, 27, 15, 15
2022/8/12, 22, 23, 8, 30, 15, 10
2022/8/13, 36, 14, 7, 24, 15, 8
2022/8/14, 22, 13, 5, 26, 15, 9
2022/8/15, 18, 17, 8, 30, 15, 9
2022/8/16, 23, 17, 6, 26, 15, 9
2022/8/17, 24, 18, 11, 27, 15, 7
2022/8/18, 26, 18, 14, 29, 15, 8
2022/8/19, 27, 11, 7, 24, 15, 6
2022/8/20, 18, 8, 5, 20, 15, 8
2022/8/21, 14, 9, 5, 24, 15, 9
2022/8/22, 13, 16, 5, 25, 15, 11
2022/8/23, 25, 23, 14, 31, 15, 8
2022/8/24, 37, 22, 7, 27, 15, 9
2022/8/25, 38, 9, 7, 17, 15, 6
2022/8/26, 14, 13, 7, 24, 15, 8
2022/8/27, 19, 12, 7, 19, 15, 5
2022/8/28, 19, 12, 7, 18, 15, 6
2022/8/29, 18, 16, 5, 26, 15, 9
2022/8/30, 23, 19, 6, 33, 15, 11
2022/8/31, 29, 21, 8, 21, 15, 4
2022/9/1, 36, 18, 12, 21, 15, 4
2022/9/2, 30, 23, 13, 30, 15, 7
2022/9/3, 38, 19, 9, 21, 15, 4
2022/9/4, 32, 16, 11, 29, 15, 9
2022/9/5, 24, 26, 18, 32, 15, 7
2022/9/6, 41, 35, 18, 35, 15, 8
2022/9/7, 57, 19, 7, 19, 15, 5
2022/9/8, 35, 18, 6, 26, 15, 10
2022/9/9, 30, 26, 10, 29, 15, 9
2022/9/10, 42, 22, 6, 29, 15, 8
2022/9/11, 36, 24, 11, 35, 15, 10
2022/9/12, 36, 31, 19, 29, 15, 7
2022/9/13, 51, 39, 18, 34, 15, 9
2022/9/14, 65, 27, 8, 35, 16, 9
2022/9/15, 44, 25, 4, 29, 16, 14
2022/9/16, 39, 27, 4, 33, 16, 10
2022/9/17, 42, 34, 16, 35, 16, 10
2022/9/18, 60, 22, 14, 33, 16, 9
2022/9/19, 37, 28, 11, 28, 16, 7
2022/9/20, 46, 24, 8, 28, 16, 7
2022/9/21, 41, 23, 5, 33, 16, 10
2022/9/22, 38, 21, 14, 25, 15, 5
2022/9/23, 37, 21, 10, 21, 16, 4
2022/9/24, 41, 23, 11, 22, 15, 4
2022/9/25, 42, 25, 14, 33, 16, 11
2022/9/26, 43, 36, 17, 32, 16, 11
2022/9/27, 62, 36, 7, 26, 16, 6
2022/9/28, 65, 24, 7, 25, 16, 8
2022/9/29, 44, 17, 5, 21, 16, 10
2022/9/30, 30, 17, 5, 21, 16, 11
2022/4/1, 13, 11, 23, 14, 13, 3
2022/4/2, 18, 27, 24, 20, 14, 5
2022/4/3, 45, 44, 21, 33, 16, 6
2022/4/4, 77, 56, 27, 36, 17, 7
2022/4/5, 103, 61, 36, 38, 15, 9
2022/4/6, 121, 57, 29, 31, 17, 7
2022/4/7, 115, 54, 35, 41, 18, 9
2022/4/8, 109, 36, 21, 30, 14, 6
2022/4/9, 66, 24, 13, 26, 13, 6
2022/4/10, 46, 26, 6, 29, 13, 9
2022/4/11, 50, 21, 6, 21, 12, 6
2022/4/12, 39, 23, 17, 28, 15, 8
2022/4/13, 44, 23, 8, 26, 13, 8
2022/4/14, 44, 21, 8, 21, 12, 7
2022/4/15, 41, 14, 7, 23, 12, 6
2022/4/16, 27, 12, 4, 12, 12, 4
2022/4/17, 25, 10, 6, 16, 12, 5
2022/4/18, 18, 20, 19, 21, 15, 6
2022/4/19, 39, 35, 19, 29, 17, 11
2022/4/20, 66, 35, 18, 27, 17, 11
2022/4/21, 68, 18, 9, 17, 15, 6
2022/4/22, 35, 20, 8, 17, 15, 8
2022/4/23, 38, 19, 9, 12, 14, 5
2022/4/24, 37, 24, 8, 19, 15, 9
2022/4/25, 45, 23, 7, 20, 15, 9
2022/4/26, 43, 18, 7, 17, 15, 8
2022/4/27, 35, 16, 7, 13, 14, 6
2022/4/28, 32, 24, 7, 16, 15, 11
2022/4/29, 46, 19, 6, 14, 14, 5
2022/4/30, 36, 9, 7, 9, 13, 3
2022/5/1, 16, 12, 9, 14, 13, 4
2022/5/2, 23, 23, 9, 20, 13, 5
2022/5/3, 43, 33, 15, 27, 13, 7
2022/5/4, 66, 37, 14, 31, 13, 8
2022/5/5, 62, 59, 12, 28, 14, 9
2022/5/6, 102, 31, 6, 18, 13, 7
2022/5/7, 49, 25, 6, 14, 13, 6
2022/5/8, 39, 27, 6, 12, 13, 5
2022/5/9, 43, 30, 6, 14, 13, 8
2022/5/10, 46, 44, 8, 21, 14, 10
2022/5/11, 68, 31, 8, 22, 14, 9
2022/5/12, 49, 44, 10, 13, 14, 10
2022/5/13, 67, , , , , 
2022/6/17, 18, 22, 9, 18, 14, 7
2022/6/18, 27, 23, 8, 18, 14, 6
2022/6/19, 30, 28, 8, 21, 14, 6
2022/6/20, 35, 25, 7, 21, 14, 3
2022/6/21, 30, 23, 10, 24, 14, 3
2022/6/22, 31, 29, 11, 28, 14, 7
2022/6/23, 46, 25, 7, 22, 14, 3
2022/6/24, 38, 17, 6, 19, 14, 2
2022/6/25, 23, 21, 7, 21, 14, 2
2022/6/26, 31, 17, 7, 23, 14, 4
2022/6/27, 21, 23, 13, 36, 14, 9
2022/6/28, 32, 29, 16, 28, 14, 6
2022/6/29, 44, 25, 8, 32, 14, 8
2022/6/30, 40, 23, 11, 24, 14, 3
2022/1/3, 179, 98, 13, 42, 12, 14
2022/1/4, 174, 58, 8, 34, 12, 10
2022/1/5, 102, 45, 8, 27, 12, 8
2022/1/6, 74, 51, 12, 33, 13, 8
2022/1/7, 87, 55, 11, 31, 14, 8
2022/1/8, 102, 48, 5, 15, 12, 6
2022/1/9, 90, 41, 4, 13, 11, 7
2022/1/10, 80, 41, 12, 23, 12, 8
2022/1/11, 71, 62, 4, 38, 16, 13
2022/1/12, 119, 58, 6, 23, 13, 7
2022/1/13, 116, 74, 3, 37, 16, 13
2022/1/14, 153, 69, 5, 33, 12, 11
2022/1/15, 144, 61, 6, 28, 12, 11
2022/1/16, 124, 18, 6, 12, 11, 5
2022/1/17, 33, 45, 19, 26, 13, 9
2022/1/18, 78, 53, 17, 29, 14, 8
2022/1/19, 97, 57, 7, 36, 13, 11
2022/1/20, 114, 62, 3, 34, 15, 10
2022/1/21, 131, 56, 4, 30, 12, 12
2022/1/22, 112, 54, 7, 28, 12, 11
2022/1/23, 102, 34, 7, 27, 12, 9
2022/1/24, 59, 29, 7, 22, 11, 9
2022/1/25, 54, 27, 7, 24, 11, 9
2022/1/26, 49, 26, 8, 21, 11, 7
2022/1/27, 47, 28, 10, 21, 11, 6
2022/1/28, 47, 32, 9, 15, 11, 7
2022/1/29, 59, 27, 10, 12, 11, 7
2022/1/30, 51, 20, 12, 8, 11, 5
2022/1/31, 37, 19, 12, 6, 11, 4
2022/2/1, 36, 13, 9, 6, 11, 4
2022/2/2, 25, 18, 14, 8, 11, 4
2022/2/3, 33, 31, 16, 11, 11, 5
2022/2/4, 57, 41, 16, 17, 11, 5
2022/2/5, 79, 51, 13, 18, 11, 7
2022/2/6, 104, 50, 9, 19, 12, 7
2022/2/7, 99, 28, 6, 19, 11, 8
2022/2/8, 58, 11, 5, 12, 11, 6
2022/2/9, 21, 22, 4, 17, 12, 6
2022/2/10, 42, 36, 4, 23, 12, 9
2022/2/11, 70, 28, 4, 15, 12, 7
2022/2/12, 55, 12, 7, 10, 11, 4
2022/2/13, 24, 28, 11, 23, 12, 8
2022/2/14, 54, 48, 7, 26, 15, 8
2022/2/15, 95, 54, 4, 25, 12, 11
2022/2/16, 106, 52, 4, 39, 12, 12
2022/2/17, 101, 33, 4, 29, 12, 11
2022/2/18, 61, 8, 11, 11, 11, 4
2022/2/19, 15, 9, 14, 9, 11, 3
2022/2/20, 17, 14, 13, 12, 11, 4
2022/2/21, 27, 16, 12, 10, 11, 4
2022/2/22, 29, 29, 17, 16, 12, 4
2022/2/23, 52, 49, 19, 23, 13, 5
2022/2/24, 85, 72, 17, 36, 14, 7
2022/2/25, 137, 78, 19, 39, 15, 8
2022/2/26, 154, 89, 23, 35, 13, 8
2022/2/27, 172, 75, 15, 37, 14, 9
2022/2/28, 146, 63, 14, 37, 13, 9
2022/3/1, 130, 55, 15, 34, 13, 9
2022/3/2, 110, 54, 9, 30, 14, 8
2022/3/3, 105, 35, 7, 25, 12, 8
2022/3/4, 60, 33, 5, 26, 12, 8
2022/3/5, 60, 28, 5, 22, 12, 7
2022/3/6, 51, 30, 14, 32, 12, 13
2022/3/7, 52, 44, 19, 34, 12, 9
2022/3/8, 84, 38, 15, 34, 13, 7
2022/3/9, 61, 31, 7, 32, 13, 7
2022/3/10, 51, 30, 7, 33, 12, 8
2022/3/11, 50, 23, 8, 21, 12, 4
2022/3/12, 38, 22, 7, 23, 12, 5
2022/3/13, 36, 25, 7, 27, 12, 8
2022/3/14, 41, 52, 11, 35, 12, 9
2022/3/15, 93, 40, 7, 26, 12, 7
2022/3/16, 69, 36, 8, 24, 12, 9
2022/3/17, 61, 51, 9, 29, 13, 10
2022/3/18, 93, 34, 8, 21, 12, 7
2022/3/19, 59, 39, 7, 16, 12, 4
2022/3/20, 64, 41, 9, 21, 12, 7
2022/3/21, 70, 40, 11, 25, 12, 9
2022/3/22, 69, 17, 9, 15, 12, 4
2022/3/23, 32, 40, 7, 24, 13, 9
2022/3/24, 70, 38, 6, 28, 12, 11
2022/3/25, 69, 51, 19, 27, 12, 9
2022/3/26, 94, 29, 9, 21, 14, 5
2022/3/27, 50, 36, 7, 28, 13, 8
2022/3/28, 62, 53, 3, 39, 16, 12
2022/3/29, 99, 49, 6, 31, 13, 10
2022/3/30, 98, 28, 10, 30, 13, 9
2022/3/31, 51, 6, 18, 12, 12, 3
2021/10/1, 33, 18, 19, 16, 10, 6
2021/10/2, 29, 23, 32, 19, 10, 7
2021/10/3, 36, 16, 31, 21, 10, 8
2021/10/4, 27, 17, 26, 21, 10, 7
2021/10/5, 27, 51, 35, 22, 10, 7
2021/10/6, 89, 53, 44, 21, 10, 8
2021/10/7, 99, 38, 42, 16, 10, 4
2021/10/8, 65, 25, 22, 13, 10, 4
2021/10/9, 43, 9, 22, 6, 9, 2
2021/10/10, 17, 10, 19, 11, 9, 4
2021/10/11, 19, 15, 32, 9, 10, 3
2021/10/12, 23, 16, 13, 13, 10, 3
2021/10/13, 24, 9, 15, 9, 9, 2
2021/10/14, 15, 9, 12, 11, 9, 3
2021/10/15, 16, 10, 17, 11, 9, 4
2021/10/16, 18, 9, 16, 10, 10, 3
2021/10/17, 14, 11, 9, 12, , 4
2021/10/18, 21, 30, 12, 25, 9, 10
2021/10/19, 51, 43, 21, 28, 10, 9
2021/10/20, 80, 26, 17, 14, 10, 5
2021/10/21, 43, 17, 23, 13, 10, 4
2021/10/22, 26, 36, 36, 22, 10, 5
2021/10/23, 61, 42, 43, 20, 10, 5
2021/10/24, 73, 51, 56, 33, 11, 11
2021/10/25, 93, 67, 66, 39, 14, 11
2021/10/26, 130, 56, 66, 35, 11, 10
2021/10/27, 107, 55, 21, 27, 11, 7
2021/10/28, 109, 18, 21, 17, 10, 5
2021/10/29, 35, 10, 18, 11, 10, 4
2021/10/30, 19, 22, 13, 13, 10, 6
2021/10/31, 41, 15, 9, 14, 10, 6
2021/11/1, 29, 21, 8, 15, 10, 7
2021/11/2, 39, 36, 11, 27, 11, 12
2021/11/3, 63, 28, 13, 23, 10, 7
2021/11/4, 45, 27, 13, 19, 10, 5
2021/11/5, 43, 27, 8, 19, 10, 5
2021/11/6, 41, 30, 9, 20, 10, 7
2021/11/7, 46, 20, 14, 11, 10, 3
2021/11/8, 34, 39, 19, 23, 12, 5
2021/11/9, 63, 36, 22, 23, 11, 5
2021/11/10, 62, 52, 23, 30, 12, 7
2021/11/11, 96, 53, 24, 24, 13, 5
2021/11/12, 99, 39, 25, 19, 11, 4
2021/11/13, 69, 57, 27, 25, 12, 7
2021/11/14, 116, 66, 16, 40, 16, 9
2021/11/15, 133, 71, 9, 35, 13, 8
2021/11/16, 152, 52, 8, 18, 11, 6
2021/11/17, 110, 21, 16, 12, 10, 4
2021/11/18, 37, 57, 9, 41, 13, 13
2021/11/19, 111, 51, 10, 22, 10, 7
2021/11/20, 102, 34, 10, 17, 10, 5
2021/11/21, 57, 24, 13, 14, 11, 4
2021/11/22, 36, 30, 13, 13, 10, 3
2021/11/23, 51, 38, 15, 16, 11, 6
2021/11/24, 64, 51, 11, 27, 11, 9
2021/11/25, 96, 57, 16, 27, 11, 8
2021/11/26, 115, 54, 28, 23, 12, 5
2021/11/27, 104, 74, 8, 24, 14, 7
2021/11/28, 157, 55, 27, 53, 12, 17
2021/11/29, 103, 53, 23, 25, 16, 6
2021/11/30, 100, 46, 26, 27, 13, 7
2021/12/1, 86, 61, 29, 34, 15, 9
2021/12/2, 124, 64, 26, 41, 13, 14
2021/12/3, 129, 53, 26, 50, 14, 16
2021/12/4, 108, 61, 30, 39, 13, 9
2021/12/5, 132, 70, 29, 41, 13, 12
2021/12/6, 144, 71, 24, 42, 17, 10
2021/12/7, 144, 73, 22, 48, 17, 11
2021/12/8, 149, 73, 17, 31, 12, 7
2021/12/9, 154, 75, 20, 34, 14, 8
2021/12/10, 153, 62, 17, 39, 11, 10
2021/12/11, 128, 61, 24, 25, 12, 7
2021/12/12, 124, 34, 14, 22, 12, 7
2021/12/13, 64, 65, 38, 34, 13, 10
2021/12/14, 141, 69, 14, 45, 16, 13
2021/12/15, 150, 62, 17, 43, 12, 15
2021/12/16, 131, 57, 17, 27, 12, 8
2021/12/17, 114, 39, 18, 20, 12, 5
2021/12/18, 74, 55, 14, 26, 13, 6
2021/12/19, 113, 62, 17, 28, 15, 7
2021/12/20, 130, 57, 15, 32, 12, 8
2021/12/21, 115, 74, 17, 41, 12, 10
2021/12/22, 152, 55, 15, 41, 14, 9
2021/12/23, 116, 51, 13, 40, 14, 11
2021/12/24, 109, 52, 10, 38, 14, 10
2021/12/25, 114, 49, 10, 27, 15, 7
2021/12/26, 98, 17, 3, 12, 11, 5
2021/12/27, 32, 20, 11, 18, 12, 5
2021/12/28, 37, 32, 6, 18, 12, 5
2021/12/29, 57, 41, 11, 15, 11, 5
2021/12/30, 73, 54, 7, 18, 11, 7
2021/12/31, 102, 65, 7, 16, 13, 6
2022/1/1, 137, 58, 14, 25, 12, 9
2022/1/2, 103, 95, 8, 35, 12, 11
2021/7/1, 14, 15, 19, 11, 8, 5
2021/7/2, 12, 17, 23, 10, 8, 5
2021/7/3, 18, 15, 22, 10, 8, 6
2021/7/4, 18, 11, 21, 11, 8, 7
2021/7/5, 13, 16, 25, 11, 8, 9
2021/7/6, 19, 16, 21, 11, 8, 6
2021/7/7, 22, 9, 20, 11, 7, 10
2021/7/8, 14, 11, 17, 11, 8, 7
2021/7/9, 15, 14, 17, 11, 8, 7
2021/7/10, 18, 12, 17, 11, 8, 5
2021/7/11, 16, 13, 18, 17, 9, 5
2021/7/12, 17, 12, 18, 16, 9, 3
2021/7/13, 16, 12, 18, 16, 9, 4
2021/7/14, 16, 10, 18, 17, 8, 5
2021/7/15, 13, 15, 18, 21, 9, 7
2021/7/16, 19, 15, 17, 21, 9, 5
2021/7/17, 19, 12, 19, 21, 8, 6
2021/7/18, 18, 23, 16, 26, 9, 8
2021/7/19, 35, 20, 26, 22, 8, 5
2021/7/20, 33, 12, 24, 18, 8, 4
2021/7/21, 20, 22, 20, 23, 8, 7
2021/7/22, 35, 10, 18, 17, 8, 6
2021/7/23, 18, 13, 19, 13, 8, 4
2021/7/24, 21, 15, 28, 14, 8, 3
2021/7/25, 23, 13, 40, 12, 8, 3
2021/7/26, 21, 9, 29, 12, 8, 3
2021/7/27, 14, 13, 28, 13, 8, 3
2021/7/28, 22, 18, 28, 14, 8, 4
2021/7/29, 34, 21, 32, 16, 8, 4
2021/7/30, 38, 14, 31, 17, 9, 3
2021/7/31, 24, 6, 22, 11, 8, 2
2021/8/1, 10, 12, 29, 20, 9, 3
2021/8/2, 20, 15, 39, 21, 9, 3
2021/8/3, 26, 21, 37, 12, 9, 4
2021/8/4, 39, 21, 34, 15, 9, 4
2021/8/5, 38, 23, 26, 14, 9, 4
2021/8/6, 41, 13, 29, 13, 10, 3
2021/8/7, 22, 24, 25, 14, 9, 4
2021/8/8, 44, 41, 24, 16, 9, 5
2021/8/9, 77, 16, 20, 17, 9, 4
2021/8/10, 32, 19, 20, 13, 9, 4
2021/8/11, 36, 21, 21, 15, 9, 4
2021/8/12, 41, 23, 20, 16, 10, 4
2021/8/13, 42, 26, 23, 13, 9, 3
2021/8/14, 50, 9, 21, 14, 9, 3
2021/8/15, 22, 14, 22, 15, 9, 4
2021/8/16, 17, 1, 24, 11, 9, 3
2021/8/17, 2, 1, 22, 14, 9, 3
2021/8/18, 2, 53, 21, 15, 10, 3
2021/8/19, 84, 22, 24, 13, 9, 3
2021/8/20, 40, 33, 25, 11, 9, 2
2021/8/21, 57, 62, 24, 9, 9, 2
2021/8/22, 116, 20, 24, 14, 10, 3
2021/8/23, 28, 17, 22, 14, 9, 4
2021/8/24, 26, 10, 20, 11, 9, 3
2021/8/25, 15, 11, 19, 14, 9, 4
2021/8/26, 16, 10, 21, 14, 10, 3
2021/8/27, 16, 8, 25, 13, 9, 2
2021/8/28, 13, , 31, 13, 11, 2
2021/8/30, 15, 12, 27, 15, 9, 3
2021/8/31, 19, 15, 35, 15, 10, 3
2021/9/1, 23, 13, 28, 10, 9, 2
2021/9/2, 22, 17, 27, 12, 10, 3
2021/9/3, 27, 12, 28, 11, 9, 3
2021/9/4, 21, 7, 21, 11, 9, 3
2021/9/5, 11, 14, 36, 14, 9, 3
2021/9/6, 22, 19, 20, 15, 9, 4
2021/9/7, 32, 12, 20, 13, 9, 4
2021/9/8, 20, 4, 27, 14, 9, 4
2021/9/9, 7, 10, 36, 15, 9, 5
2021/9/10, 16, 16, 59, 14, 9, 4
2021/9/11, 26, 26, 105, 14, 10, 4
2021/9/12, 42, 27, 36, 15, 9, 5
2021/9/13, 44, 15, 22, 14, 9, 4
2021/9/14, 26, 12, 19, 16, 9, 5
2021/9/15, 19, 16, 19, 19, 9, 7
2021/9/16, 25, 9, 20, 15, 9, 6
2021/9/17, 14, 12, 19, 14, 10, 4
2021/9/18, 19, 12, 20, 11, 9, 3
2021/9/19, 19, 19, 33, 15, 10, 4
2021/9/20, 31, 24, 29, 20, 11, 7
2021/9/21, 38, 19, 19, 21, 12, 6
2021/9/22, 29, 17, 26, 21, 11, 6
2021/9/23, 28, 15, 17, 14, 10, 4
2021/9/24, 25, 11, 18, 15, 9, 6
2021/9/25, 19, 15, 21, 14, 9, 5
2021/9/26, 27, 14, 34, 19, 9, 7
2021/9/27, 22, 23, 37, 19, 10, 6
2021/9/28, 36, 27, 56, 22, 11, 7
2021/9/29, 44, 23, 48, 21, 11, 7
2021/9/30, 37, 20, 20, 21, 11, 8
2021/4/1, 54, 28, 16, 15, 7, 12
2021/4/2, 44, 34, 16, 15, 8, 11
2021/4/3, 53, 43, 16, 16, 8, 11
2021/4/4, 66, 41, 9, 16, 8, 14
2021/4/5, 63, 44, 22, 16, 8, 10
2021/4/6, 70, 31, 20, 16, 7, 9
2021/4/7, 44, 32, 18, 15, 8, 10
2021/4/8, 44, 30, 10, 15, 8, 7
2021/4/9, 46, 43, 9, 14, 8, 9
2021/4/10, 77, 44, 13, 15, 8, 10
2021/4/11, 78, 28, 16, 14, 8, 5
2021/4/12, 37, 23, 18, 15, 8, 7
2021/4/13, 33, 24, 18, 14, 8, 7
2021/4/14, 33, 24, 21, 14, 8, 8
2021/4/15, 35, 26, 21, 14, 8, 8
2021/4/16, 36, 20, 18, 14, 7, 6
2021/4/17, 33, 35, 9, 15, 9, 9
2021/4/18, 57, 27, 16, 15, 8, 8
2021/4/19, 41, 21, 22, 14, 8, 5
2021/4/20, 28, 22, 24, 13, 7, 4
2021/4/21, 29, 24, 25, 14, 8, 6
2021/4/22, 31, 23, 24, 14, 8, 6
2021/4/23, 32, 27, 24, 14, 8, 5
2021/4/24, 39, 32, 26, 15, 8, 9
2021/4/25, 54, 27, 22, 16, 8, 9
2021/4/26, 48, 22, 10, 16, 10, 9
2021/4/27, 32, 22, 16, 15, 9, 6
2021/4/28, 36, 15, 38, 16, 9, 5
2021/4/29, 19, , , , , 
2021/5/4, 24, 18, 25, 16, 8, 7
2021/5/5, 29, 30, 24, 16, 8, 7
2021/5/6, 40, 27, 22, 15, 8, 6
2021/5/7, 39, 25, 21, 14, 8, 5
2021/5/8, 33, 20, 23, 14, 8, 4
2021/5/9, 28, 23, 25, 14, 8, 4
2021/5/10, 34, 25, 32, 15, 8, 7
2021/5/11, 36, 23, 25, 15, 8, 6
2021/5/12, 32, 23, 26, 15, 8, 5
2021/5/13, 36, 16, 24, 15, 8, 4
2021/5/14, 24, 17, 25, 13, 8, 3
2021/5/15, 24, 20, 31, 13, 8, 4
2021/5/16, 29, 16, 31, 13, 8, 4
2021/5/17, 22, 14, 30, 13, 8, 4
2021/5/18, 18, 19, 24, 14, 8, 5
2021/5/19, 24, 19, 29, 15, 8, 6
2021/5/20, 24, 19, 27, 14, 8, 5
2021/5/21, 26, 17, 33, 13, 9, 4
2021/5/22, 24, 16, 40, 13, 9, 4
2021/5/23, 22, 9, 35, 16, 9, 4
2021/5/24, 14, 8, 15, 14, 9, 5
2021/5/25, 7, 8, 24, 14, 9, 6
2021/5/26, 7, 8, 25, 14, 9, 6
2021/5/27, 7, 7, 24, 15, 9, 6
2021/5/29, 7, 7, 32, 14, 9, 5
2021/5/30, 8, 19, 29, 16, 9, 6
2021/5/31, 20, 22, 25, 15, 9, 6
2021/6/1, 24, 25, 32, 15, 9, 6
2021/6/2, 31, 25, 30, 14, 9, 6
2021/6/3, 32, 19, 22, 15, 10, 3
2021/6/4, 23, 31, 35, 16, 12, 6
2021/6/5, 44, 49, 27, 16, 10, 7
2021/6/6, 84, 24, 24, 17, 10, 7
2021/6/7, 38, 18, 24, 17, 10, 7
2021/6/8, 30, 16, 23, 18, 9, 7
2021/6/9, 26, 16, 25, 17, 10, 10
2021/6/10, 23, 17, 25, 18, 9, 9
2021/6/11, 22, 16, 22, 15, 10, 4
2021/6/12, 25, 7, 22, 14, 10, 4
2021/6/13, 10, 11, 23, 15, 10, 5
2021/6/14, 13, 16, 23, 16, 10, 7
2021/6/15, 16, 16, 24, 16, 8, 7
2021/6/16, 19, 9, 29, 16, 5, 7
2021/6/17, 7, 15, 31, 16, 7, 6
2021/6/18, 13, 14, 26, 15, 7, 5
2021/6/19, 13, 19, 22, 14, 7, 5
2021/6/20, 16, 23, 27, 14, 7, 6
2021/6/21, 21, 25, 29, 14, 7, 5
2021/6/22, 32, 14, 24, 13, 7, 6
2021/6/23, 18, 20, 23, 14, 7, 10
2021/6/24, 27, 22, 21, 13, 7, 10
2021/6/25, 27, 16, 23, 11, 8, 7
2021/6/26, 18, 14, 22, 11, 7, 5
2021/6/27, 16, 16, 22, 11, 7, 6
2021/6/28, 12, 17, 20, 11, 8, 7
2021/6/29, 14, 16, 21, 11, 8, 6
2021/6/30, 14, 17, 20, 11, 7, 5
2021/1/4, 138, 72, 12, 27, 7, 14
2021/1/5, 154, 57, 15, 16, 4, 10
2021/1/6, 125, 49, 7, 15, 4, 10
2021/1/7, 106, 14, 11, 8, 2, 8
2021/1/8, 29, 22, 12, 11, 4, 6
2021/1/9, 43, 26, 13, 13, 4, 6
2021/1/10, 52, 32, 17, 14, 4, 7
2021/1/11, 62, 31, 22, 22, 5, 12
2021/1/12, 60, 50, 17, 28, 10, 14
2021/1/13, 103, 57, 23, 31, 13, 12
2021/1/14, 122, 62, 4, 30, 6, 17
2021/1/15, 138, 60, 4, 25, 10, 15
2021/1/16, 135, 47, 12, 13, 4, 8
2021/1/17, 100, 36, 23, 18, 4, 10
2021/1/18, 73, 42, 16, 27, 7, 13
2021/1/19, 87, 48, 8, 27, 8, 15
2021/1/20, 100, 68, 4, 15, 4, 18
2021/1/21, 141, 63, 9, , 4, 17
2021/1/22, 133, 63, 6, , 4, 14
2021/1/23, 133, 49, 14, , 4, 11
2021/1/24, 102, 35, 7, 25, 3, 14
2021/1/25, 60, 28, 8, 20, 2, 12
2021/1/26, 39, 24, 10, 23, 3, 12
2021/1/27, 32, 25, 5, 18, 3, 11
2021/1/28, 37, 36, 2, 18, 5, 10
2021/1/29, 61, 55, 2, 37, 6, 21
2021/1/30, 101, 51, 3, 23, 8, 15
2021/1/31, 95, 40, 3, 22, 7, 12
2021/2/1, 57, 36, 7, 26, 9, 12
2021/2/2, 53, 38, 17, 32, 9, 10
2021/2/3, 55, 41, 15, 37, 9, 13
2021/2/4, 65, 40, 12, 38, 9, 12
2021/2/5, 62, 39, 18, 35, 9, 10
2021/2/6, 62, 38, 15, 34, 10, 10
2021/2/7, 62, 37, 19, 25, 9, 8
2021/2/8, 65, 13, 23, 18, 6, 6
2021/2/9, 26, 33, 25, 24, 9, 10
2021/2/10, 61, 25, 35, 22, 8, 7
2021/2/11, 46, 25, 30, 21, 8, 6
2021/2/12, 47, 23, 35, 22, 8, 6
2021/2/13, 43, 21, 28, 25, 8, 6
2021/2/14, 38, 25, 19, 24, 8, 7
2021/2/15, 48, 28, 16, 24, 8, 7
2021/2/16, 53, 25, 17, 20, 8, 7
2021/2/17, 46, 33, 16, 13, 10, 9
2021/2/18, 60, 42, 24, 13, 11, 13
2021/2/19, 77, 37, 34, 11, 11, 8
2021/2/20, 70, 29, 35, 10, 10, 6
2021/2/21, 52, 23, 17, 10, 8, 8
2021/2/22, 42, 23, 16, 8, 7, 10
2021/2/23, 43, 19, 21, 1, 6, 5
2021/2/24, 32, 21, 12, 1, 6, 6
2021/2/25, 34, 20, 8, 2, 6, 10
2021/2/26, 33, 26, 7, 1, 6, 7
2021/2/27, 47, 26, 5, 2, 7, 10
2021/2/28, 51, 23, 6, 6, 7, 15
2021/3/1, 44, 22, 7, 16, 7, 10
2021/3/2, 35, 36, 7, 16, 7, 12
2021/3/3, 65, 30, 7, 15, 7, 13
2021/3/4, 59, 19, 6, 16, 7, 16
2021/3/5, 37, 20, 12, 16, 7, 11
2021/3/6, 38, 20, 14, 16, 7, 9
2021/3/7, 37, 20, 13, 16, 7, 13
2021/3/8, 39, 10, 8, 15, 7, 7
2021/3/9, 21, 10, 12, 15, 7, 6
2021/3/10, 20, 11, 10, 15, 7, 8
2021/3/11, 22, 11, 12, 16, 7, 8
2021/3/12, 20, 12, 10, 16, 7, 11
2021/3/13, 24, 12, 16, 16, 7, 8
2021/3/14, 24, 8, 15, 15, 7, 6
2021/3/15, 16, 9, 12, 15, 7, 10
2021/3/16, 17, 8, 11, 15, 7, 8
2021/3/17, 16, 7, 10, 15, 7, 11
2021/3/18, 15, 5, 10, 14, 7, 8
2021/3/19, 10, 3, 11, 14, 7, 9
2021/3/20, 7, 3, 16, 14, 7, 5
2021/3/21, 5, 33, 19, 15, 7, 6
2021/3/22, 51, 61, 24, 17, 9, 8
2021/3/23, 81, 63, 9, 18, 11, 12
2021/3/24, 101, 58, 11, 18, 8, 17
2021/3/25, 113, 34, 9, 16, 7, 10
2021/3/26, 59, 22, 9, 15, 7, 8
2021/3/27, 38, 25, 7, 15, 7, 10
2021/3/28, 42, 39, 11, 15, 7, 11
2021/3/29, 63, 43, 14, 16, 7, 14
2021/3/30, 67, 49, 13, 16, 7, 13
2021/3/31, 74, 37, 15, 15, 7, 12
2020/10/1, 22, 26, , 17, 6, 13
2020/10/2, 37, 28, , 13, 6, 15
2020/10/3, 40, 21, , 9, 6, 10
2020/10/4, 33, 20, , 8, 6, 15
2020/10/5, 28, 22, , 1, 6, 5
2020/10/6, 33, 15, , , 6, 5
2020/10/7, 20, 19, , 8, 6, 4
2020/10/8, 27, 16, , 8, 6, 5
2020/10/9, 21, 22, , 9, 7, 4
2020/10/10, 32, 24, , 10, 7, 4
2020/10/11, 39, 39, , 17, 8, 8
2020/10/12, 60, 38, , 17, 8, 6
2020/10/13, 56, 14, , 8, 6, 4
2020/10/14, 26, 9, , 8, 6, 5
2020/10/15, 16, 12, , 8, 6, 5
2020/10/16, 18, 13, , 10, 7, 4
2020/10/17, 15, 16, , 10, 7, 5
2020/10/18, 26, 20, , 12, 7, 6
2020/10/19, 28, 20, , 14, 9, 5
2020/10/20, 25, 21, , 15, 8, 6
2020/10/21, 25, 36, , 20, 10, 7
2020/10/22, 46, 51, , 27, 10, 12
2020/10/23, 75, 53, , 29, 11, 11
2020/10/24, 80, 48, , 19, 9, 7
2020/10/25, 76, 33, , 17, 7, 6
2020/10/26, 55, 37, , 23, 7, 12
2020/10/27, 57, 38, , 15, 7, 8
2020/10/28, 60, 25, , 12, 7, 5
2020/10/29, 44, 13, , 13, 7, 7
2020/10/30, 24, 23, , 15, 7, 10
2020/10/31, 35, 47, , 22, 8, 11
2020/11/1, 74, 37, , 18, 8, 10
2020/11/2, 62, 19, , 14, 9, 6
2020/11/3, 26, 36, 14, 22, 6, 11
2020/11/4, 56, 54, 15, 34, 3, 14
2020/11/5, 91, 59, 13, 31, 2, 14
2020/11/6, 112, 31, 18, 17, 2, 9
2020/11/7, 53, 26, 25, 18, 3, 7
2020/11/8, 47, 32, 29, 24, 5, 8
2020/11/9, 54, 38, 30, 25, 7, 8
2020/11/10, 65, 40, 26, 30, 7, 11
2020/11/11, 60, 45, 39, 31, 5, 11
2020/11/12, 73, 41, 34, 30, 5, 10
2020/11/13, 66, 39, 31, 24, 5, 8
2020/11/14, 67, 26, 21, 14, 1, 6
2020/11/15, 49, 23, 3, 12, 1, 10
2020/11/16, 45, 23, 6, 15, 1, 13
2020/11/17, 37, 22, 5, 13, 1, 10
2020/11/18, 30, 26, 4, 13, 1, 12
2020/11/19, 36, 25, 4, 13, 1, 11
2020/11/20, 35, 19, 5, 12, 1, 6
2020/11/21, 26, 23, 6, 14, 1, 6
2020/11/22, 34, 31, 5, 19, 1, 10
2020/11/23, 38, 32, 4, 24, 2, 9
2020/11/24, 47, 37, 8, 28, 2, 8
2020/11/25, 60, 34, 5, 29, 1, 8
2020/11/26, 50, 35, 18, 24, 2, 7
2020/11/27, 59, 25, 12, 14, 2, 5
2020/11/28, 44, 20, 18, 14, 2, 4
2020/11/29, 34, 27, 21, 20, 3, 5
2020/11/30, 46, 40, 15, 27, 6, 7
2020/12/1, 70, 46, 12, 27, 4, 8
2020/12/2, 84, 37, 13, 20, 3, 7
2020/12/3, 70, 23, 15, 18, 3, 6
2020/12/4, 42, 27, 16, 19, 3, 6
2020/12/5, 50, 43, 19, 26, 4, 7
2020/12/6, 82, 50, 26, 25, 4, 7
2020/12/7, 100, 40, 17, 26, 4, 8
2020/12/8, 78, 50, 14, 34, 4, 11
2020/12/9, 103, 55, 24, 38, 6, 11
2020/12/10, 113, 49, 16, 32, 4, 12
2020/12/11, 103, 37, 13, 28, 4, 9
2020/12/12, 73, 32, 8, 21, 2, 8
2020/12/13, 63, 26, 5, 16, 2, 8
2020/12/14, 49, 13, 5, 11, 1, 7
2020/12/15, 25, 13, 6, 9, 2, 6
2020/12/16, 26, 17, 7, 8, 1, 5
2020/12/17, 34, 20, 8, 8, 1, 5
2020/12/18, 38, 24, 15, 11, 2, 5
2020/12/19, 47, 26, 20, 12, 3, 4
2020/12/20, 50, 34, 25, 18, 4, 7
2020/12/21, 66, 48, 25, 28, 4, 9
2020/12/22, 96, 48, 12, 30, 8, 11
2020/12/23, 98, 37, 16, 23, 4, 9
2020/12/24, 74, 51, 13, 32, 8, 13
2020/12/25, 107, 48, 5, 28, 6, 13
2020/12/26, 95, 50, 3, 17, 3, 12
2020/12/27, 102, 27, 6, 16, 2, 12
2020/12/28, 54, 17, 6, 17, 2, 10
2020/12/29, 33, 24, 14, 16, 3, 9
2020/12/30, 43, 31, 17, 24, 6, 9
2020/12/31, 58, 43, 29, 23, 6, 10
2021/1/1, 86, 66, 30, 26, 7, 11
2021/1/2, 143, 63, 18, 23, 7, 9
2021/1/3, 136, 62, 22, 26, 8, 10
2020/7/1, 33, 30, 17, 17, 2, 11
2020/7/2, 32, 24, 18, 14, 2, 10
2020/7/3, 24, 19, 17, 15, 2, 10
2020/7/4, 24, 21, 16, 11, 2, 8
2020/7/5, 23, 20, 19, 9, 2, 6
2020/7/6, 20, 26, 23, 10, 2, 6
2020/7/7, 27, 27, 18, 11, 2, 7
2020/7/8, 24, 32, 18, 10, 2, 7
2020/7/9, 23, 35, 18, 11, 2, 8
2020/7/10, 22, 43, 18, 13, 4, 10
2020/7/11, 29, 37, 20, 13, 2, 10
2020/7/12, 34, 34, 24, 14, 2, 8
2020/7/13, 32, 29, 31, 17, 2, 8
2020/7/14, 31, 27, 24, 11, 2, 6
2020/7/15, 27, 25, 22, 7, 2, 6
2020/7/16, 24, 26, 22, 8, 2, 6
2020/7/17, 22, 27, 23, 8, 2, 5
2020/7/18, 24, 28, 22, 8, 2, 5
2020/7/19, 26, 24, 20, 9, 2, 10
2020/7/20, 29, 24, 14, 6, 4, 7
2020/7/21, 27, 21, 14, 5, 3, 6
2020/7/22, 20, 21, 14, , 3, 6
2020/7/23, 19, 24, 14, , 3, 8
2020/7/24, 25, 25, 16, , 3, 6
2020/7/25, 21, 21, 15, , 3, 6
2020/7/26, 23, 42, 15, , 4, 10
2020/7/27, 51, 53, 28, , 4, 12
2020/7/28, 76, 44, 16, , 3, 13
2020/7/29, 54, 37, 15, 12, 3, 11
2020/7/30, 44, 33, 16, 16, 3, 9
2020/7/31, 43, 24, 14, 9, 3, 4
2020/8/1, 31, 10, 13, 6, 3, 4
2020/8/2, 15, 20, 13, 10, 4, 12
2020/8/3, 32, 19, 12, 9, 4, 13
2020/8/4, 27, 20, 13, 10, 3, 15
2020/8/5, 29, 13, 12, 8, 3, 13
2020/8/6, 20, 15, 12, 6, 3, 14
2020/8/7, 21, 20, 13, 6, 3, 21
2020/8/8, 24, 19, 13, 8, 3, 21
2020/8/9, 23, 24, 17, 14, 3, 21
2020/8/10, 26, 19, 8, 19, 4, 11
2020/8/11, 14, 21, 12, 12, 4, 10
2020/8/12, 23, 13, 12, 11, 3, 9
2020/8/13, 17, 13, 11, 7, 4, 10
2020/8/14, 19, 16, 6, 8, 4, 10
2020/8/15, 22, 32, 6, 9, 4, 9
2020/8/16, 43, 13, 6, 9, 4, 10
2020/8/17, 19, 8, , 8, 4, 11
2020/8/18, 13, 21, , 12, 4, 14
2020/8/19, 28, 30, , 12, 4, 8
2020/8/20, 41, 19, , 17, 4, 14
2020/8/21, 23, 19, , 11, 4, 7
2020/8/22, 26, 24, , 10, 4, 8
2020/8/23, 32, 22, , 12, 4, 9
2020/8/24, 26, 19, , 9, 4, 7
2020/8/25, 21, 26, , 13, 4, 7
2020/8/26, 30, 39, , 16, 4, 7
2020/8/27, 50, 30, , 15, 4, 11
2020/8/28, 38, 26, , 15, 4, 9
2020/8/29, 32, 30, , 17, 5, 8
2020/8/30, 37, 32, , 14, 5, 9
2020/8/31, 40, 32, , 18, 5, 9
2020/9/1, 40, 51, , 15, 4, 7
2020/9/2, 76, 48, , 21, 4, 11
2020/9/3, 71, 38, , 18, 4, 12
2020/9/4, 55, 28, , 12, 4, 7
2020/9/5, 35, 23, , 13, 4, 7
2020/9/6, 28, 12, , 12, 4, 7
2020/9/7, 17, 36, , 19, 5, 12
2020/9/8, 47, 23, , 14, 6, 11
2020/9/9, 30, 24, , 10, 5, 11
2020/9/10, 31, 23, , 15, 5, 12
2020/9/11, 28, 22, , 11, 4, 11
2020/9/12, 28, 17, , 9, 4, 9
2020/9/13, 25, 18, , 10, 5, 13
2020/9/14, 23, 18, , 9, 5, 10
2020/9/15, 22, 21, , 10, 5, 11
2020/9/16, 25, 28, , 14, 5, 12
2020/9/17, 33, 12, , 6, 5, 3
2020/9/18, 15, 12, , 7, 5, 5
2020/9/19, 18, 24, , 9, 5, 10
2020/9/20, 36, 28, , 10, 6, 12
2020/9/21, 40, 14, , 8, 5, 11
2020/9/22, 19, 20, , 9, 6, 12
2020/9/23, 27, 14, , 10, 5, 7
2020/9/24, 19, 27, , 13, 6, 10
2020/9/25, 37, 16, , 10, 5, 9
2020/9/26, 22, 13, , 6, 5, 6
2020/9/27, 20, 22, , 15, 5, 10
2020/9/28, 32, 31, , 16, 5, 11
2020/9/29, 44, 22, , 13, 5, 12
2020/9/30, 28, 16, , 13, 5, 14
2020/4/1, 65, 28, 5, 3, 5, 6
2020/4/2, 54, 25, 7, 6, 5, 8
2020/4/3, 48, 15, 6, 2, 5, 4
2020/4/4, 28, 8, 13, 1, 5, 4
2020/4/5, 14, 18, 11, 6, 5, 6
2020/4/6, 34, 36, 21, 7, 5, 6
2020/4/7, 69, 46, 17, 12, 5, 9
2020/4/8, 89, 41, 25, 11, 6, 8
2020/4/9, 76, 33, 23, 11, 6, 8
2020/4/10, 60, 22, 18, 6, 5, 6
2020/4/11, 42, 17, 22, 5, 5, 4
2020/4/12, 31, 22, 20, 5, 5, 4
2020/4/13, 42, 26, 38, 6, 6, 5
2020/4/14, 48, 31, 32, 8, 7, 6
2020/4/15, 57, 26, 17, 6, 4, 8
2020/4/16, 49, 15, 14, 2, 4, 5
2020/4/17, 28, 14, 17, 3, 4, 5
2020/4/18, 27, 17, 13, 1, 4, 6
2020/4/19, 33, 13, 14, 3, 34, 5
2020/4/20, 25, 15, 14, 4, 24, 7
2020/4/21, 24, 10, 13, 5, 15, 8
2020/4/22, 12, 6, 17, 2, 6, 5
2020/4/23, 7, 6, 16, 2, 10, 4
2020/4/24, 11, 11, 22, 3, 6, 5
2020/4/25, 15, 10, 18, 3, 6, 5
2020/4/26, 14, 11, 27, 8, 7, 8
2020/4/27, 17, 44, 37, 11, 16, 8
2020/4/28, 55, 67, 42, 10, 11, 10
2020/4/29, 99, 48, 24, 5, 6, 8
2020/4/30, 61, 35, 12, 6, 5, 8
2020/5/1, 49, 40, 23, 3, 5, 6
2020/5/2, 47, 33, 16, 4, 5, 8
2020/5/3, 41, 36, 21, 7, 5, 8
2020/5/4, 40, 39, 17, 6, 5, 10
2020/5/5, 47, 37, 13, 4, 5, 10
2020/5/6, 42, 41, 13, 5, 5, 10
2020/5/7, 51, 40, 17, 5, 5, 9
2020/5/8, 46, 40, 18, 5, 5, 10
2020/5/9, 52, 39, 25, 4, 5, 7
2020/5/10, 44, 32, 14, 5, 5, 10
2020/5/11, 37, 25, 14, 5, 5, 9
2020/5/12, 30, 28, 15, 4, 6, 9
2020/5/13, 32, 23, 19, 4, 6, 8
2020/5/14, 22, 27, 15, 3, 5, 6
2020/5/15, 32, 29, 18, 2, 6, 7
2020/5/16, 35, 24, 15, , 6, 7
2020/5/17, 26, 28, 30, , 6, 9
2020/5/18, 32, 39, 18, , 6, 10
2020/5/19, 49, 32, 17, , 6, 10
2020/5/20, 33, 45, 24, 12, 6, 11
2020/5/21, 44, 41, 15, 10, 6, 9
2020/5/22, 38, 28, 19, 7, 6, 8
2020/5/23, 37, 37, 17, 8, 6, 9
2020/5/24, 48, 30, 26, 7, 6, 9
2020/5/25, 34, 21, 20, 4, 7, 5
2020/5/26, 27, 27, 21, 7, 7, 7
2020/5/27, 35, 47, 24, 9, 8, 10
2020/5/28, 56, 35, 18, 9, 6, 9
2020/5/29, 41, 31, 19, 9, 6, 9
2020/5/30, 34, 32, 17, 6, 6, 7
2020/5/31, 28, 29, 16, 11, 7, 11
2020/6/1, 24, 39, 15, 11, 7, 11
2020/6/2, 41, 32, 31, 7, 6, 9
2020/6/3, 35, 32, 24, 7, 6, 8
2020/6/4, 36, 36, 24, 11, 6, 10
2020/6/5, 47, 40, 17, 13, 7, 10
2020/6/6, 51, 42, 18, 13, 8, 8
2020/6/7, 42, 39, 15, 11, 9, 7
2020/6/8, 36, 50, 26, 16, 10, 9
2020/6/9, 37, 36, 20, 14, 7, 8
2020/6/10, 33, 31, 17, 13, 7, 9
2020/6/11, 34, 30, 19, 13, 7, 7
2020/6/12, 29, 28, 17, 12, 7, 7
2020/6/13, 28, 28, 12, 12, 7, 9
2020/6/14, 35, 25, 12, 16, 6, 11
2020/6/15, 35, 26, 16, 11, 1, 6
2020/6/16, 21, 30, 13, 11, 2, 6
2020/6/17, 22, 25, 11, 11, 1, 7
2020/6/18, 18, 24, 12, 13, 1, 8
2020/6/19, 20, 23, 20, 10, 1, 5
2020/6/20, 21, 27, 23, 10, 1, 4
2020/6/21, 24, 28, 18, 13, 1, 7
2020/6/22, 21, 33, 22, 17, 2, 7
2020/6/23, 22, 36, 16, 18, 1, 8
2020/6/24, 23, 43, 20, 19, 2, 10
2020/6/25, 50, 30, 18, 11, 1, 6
2020/6/26, 23, 27, 27, 12, 1, 4
2020/6/27, 20, 27, 23, 11, 1, 4
2020/6/28, 23, 31, 18, 15, 3, 9
2020/6/29, 28, 31, 26, 17, 1, 8
2020/6/30, 30, 32, 17, 17, 2, 11
2020/1/1, 153, 65, 5, 25, 4, 15
2020/1/2, 118, 44, 6, 21, 3, 10
2020/1/3, 59, 44, 6, 21, 3, 12
2020/1/4, 70, 46, 6, 18, 2, 9
2020/1/5, 66, 47, 7, 17, 2, 9
2020/1/6, 63, 51, 6, 22, 2, 13
2020/1/7, 84, 48, 6, 18, 3, 12
2020/1/8, 62, 49, 6, 22, 4, 11
2020/1/9, 70, 41, 6, 15, 3, 8
2020/1/10, 52, 42, 6, 12, 3, 9
2020/1/11, 57, 38, 7, 13, 4, 8
2020/1/12, 61, 77, 4, 19, 8, 14
2020/1/13, 149, 90, 5, 28, 8, 18
2020/1/14, 171, 37, 6, 13, 3, 7
2020/1/15, 54, 41, 6, 15, 6, 12
2020/1/16, 60, 36, 8, 13, 5, 8
2020/1/17, 62, 49, 8, 12, 3, 10
2020/1/18, 97, 36, 10, 10, 3, 7
2020/1/19, 66, 46, 12, 13, 3, 11
2020/1/20, 92, 67, 7, 20, 4, 15
2020/1/21, 140, 56, 9, 15, 3, 14
2020/1/22, 111, 31, 12, 9, 2, 7
2020/1/23, 53, 23, 11, 6, 2, 5
2020/1/24, 43, 19, 17, 5, 2, 4
2020/1/25, 35, 15, 18, 9, 2, 5
2020/1/26, 23, 24, 15, 9, 3, 5
2020/1/27, 36, 36, 14, 9, 3, 5
2020/1/28, 62, 46, 14, 7, 3, 5
2020/1/29, 86, 56, 13, 16, 3, 8
2020/1/30, 115, 57, 9, 26, 5, 10
2020/1/31, 109, 70, 10, 20, 4, 9
2020/2/1, 142, 83, 12, 15, 4, 10
2020/2/2, 171, 60, 14, 10, 3, 13
2020/2/3, 124, 15, 18, 1, 3, 5
2020/2/4, 29, 24, 19, 1, 4, 9
2020/2/5, 46, 58, 6, 6, 4, 15
2020/2/6, 107, 57, 2, 6, 3, 15
2020/2/7, 108, 33, 2, , 4, 8
2020/2/8, 58, 15, 5, , 3, 5
2020/2/9, 27, 43, 3, , 7, 11
2020/2/10, 77, 52, 8, , 5, 11
2020/2/11, 99, 57, 4, 26, 4, 14
2020/2/12, 108, 42, 8, 21, 3, 15
2020/2/13, 81, 30, 14, 16, 3, 12
2020/2/14, 51, 40, 15, 18, 3, 12
2020/2/15, 62, 27, 15, 12, 4, 4
2020/2/16, 36, 40, 13, 17, 6, 6
2020/2/17, 64, 52, 14, 28, 15, 8
2020/2/18, 84, 63, 7, 33, 18, 10
2020/2/19, 116, 86, 6, 25, 8, 11
2020/2/20, 160, 98, 6, 26, 5, 12
2020/2/21, 189, 82, 16, 30, 5, 16
2020/2/22, 168, 71, 13, 32, 5, 14
2020/2/23, 137, 51, 12, 25, 4, 9
2020/2/24, 90, 47, 7, 20, 4, 9
2020/2/25, 81, 42, 5, 29, 4, 13
2020/2/26, 65, 41, 7, 24, 4, 10
2020/2/27, 66, 33, 7, 18, 3, 9
2020/2/28, 48, 34, 11, 16, 3, 7
2020/2/29, 47, 32, 12, 15, 3, 8
2020/3/1, 51, 28, 11, 14, 3, 9
2020/3/2, 43, 22, 11, 15, 3, 6
2020/3/3, 34, 23, 28, 17, 4, 6
2020/3/4, 38, 31, 8, 13, 4, 9
2020/3/5, 51, 61, 10, 22, 6, 12
2020/3/6, 112, 45, 9, 21, 4, 12
2020/3/7, 72, 45, 17, 18, 3, 9
2020/3/8, 76, 54, 33, 18, 3, 9
2020/3/9, 100, 45, 17, 17, 4, 7
2020/3/10, 70, 52, 15, 28, 6, 12
2020/3/11, 83, 40, 13, 21, 4, 13
2020/3/12, 71, 40, 14, 14, 4, 11
2020/3/13, 74, 37, 13, 16, 5, 8
2020/3/14, 60, 51, 10, 18, 6, 9
2020/3/15, 95, 59, 5, 22, 7, 17
2020/3/16, 121, 31, 11, 21, 4, 16
2020/3/17, 59, 16, 7, 9, 4, 8
2020/3/18, 32, 17, 7, 8, 4, 6
2020/3/19, 31, 47, 8, 22, 5, 12
2020/3/20, 80, 31, 16, 13, 4, 9
2020/3/21, 57, 22, 15, 8, 4, 7
2020/3/22, 40, 27, 14, 11, 4, 10
2020/3/23, 48, 19, 14, 7, 4, 6
2020/3/24, 31, 17, 14, 7, , 5
2020/3/25, 27, 13, 14, 4, , 4
2020/3/26, 23, 19, 17, 5, , 7
2020/3/27, 32, 21, 14, 4, , 6
2020/3/28, 34, 14, 46, 2, 4, 4
2020/3/29, 25, , , , , 
2019/10/1, 150, 64, 20, 14, , 9
2019/10/2, 116, 41, 18, 11, , 8
2019/10/3, 86, 57, 14, 13, , 11
2019/10/4, 120, 51, 22, 10, , 8
2019/10/5, 94, 52, 26, 8, , 5
2019/10/6, 94, 61, 29, 10, , 5
2019/10/7, 105, 26, 16, 5, , 4
2019/10/8, 58, 20, 14, 6, , 5
2019/10/9, 42, 54, 15, 9, , 6
2019/10/10, 109, 35, 15, 10, , 6
2019/10/11, 56, 36, 15, 10, , 5
2019/10/12, 61, 36, 15, 8, , 4
2019/10/13, 67, 29, 18, 5, , 2
2019/10/14, 58, 30, 20, 6, , 2
2019/10/15, 60, 39, 40, 6, , 5
2019/10/16, 76, 45, 35, , , 7
2019/10/17, 97, 24, 21, 23, , 4
2019/10/18, 48, 29, 34, , , 5
2019/10/19, 49, 46, 41, , , 5
2019/10/20, 94, 56, 27, , , 7
2019/10/21, 118, 36, 22, , , 3
2019/10/22, 68, 28, 22, , , 4
2019/10/23, 55, 16, 17, , , 2
2019/10/24, 35, 32, 16, , , 2
2019/10/25, 67, 52, 23, , , 1
2019/10/26, 112, 44, 15, , , 1
2019/10/27, 95, 29, 13, , , 1
2019/10/28, 64, 23, 27, , , 1
2019/10/29, 40, 47, 34, , , 2
2019/10/30, 90, 53, 20, , , 1
2019/10/31, 103, 23, 19, , , 
2019/11/1, 61, 26, 13, , , 
2019/11/2, 62, 32, 20, , , 
2019/11/3, 71, 38, 33, , , 1
2019/11/4, 70, 62, 46, , , 2
2019/11/5, 120, 78, 35, , , 1
2019/11/6, 157, 69, 39, , , 10
2019/11/7, 149, 56, 41, , , 7
2019/11/8, 118, 64, 49, , , 8
2019/11/9, 131, 74, 54, , , 6
2019/11/10, 164, 76, 45, , , 8
2019/11/11, 165, 96, 44, , , 9
2019/11/12, 217, 53, 15, , , 7
2019/11/13, 117, 29, 14, , , 8
2019/11/14, 56, 53, 21, , , 9
2019/11/15, 101, 48, 27, , , 6
2019/11/16, 91, 31, 17, , , 4
2019/11/17, 61, 27, 16, , , 7
2019/11/18, 53, 32, 18, , , 5
2019/11/19, 59, 61, 19, , , 9
2019/11/20, 105, 71, 15, , , 9
2019/11/21, 131, 73, 14, , , 12
2019/11/22, 128, 70, 14, , , 12
2019/11/23, 120, 57, 8, , , 11
2019/11/24, 89, 64, 13, , , 13
2019/11/25, 101, 65, 12, , , 11
2019/11/26, 113, 71, 14, , , 10
2019/11/27, 124, 47, 10, , , 6
2019/11/28, 69, 54, 10, , , 9
2019/11/29, 84, 68, 7, , , 12
2019/11/30, 126, 54, 11, , , 7
2019/12/1, 96, 30, 16, , , 6
2019/12/2, 44, 48, 16, 37, 6, 9
2019/12/3, 82, 59, 19, 20, 7, 8
2019/12/4, 107, 51, 20, 15, 6, 5
2019/12/5, 84, 42, 20, 15, 4, 6
2019/12/6, 65, 64, 21, 22, 6, 9
2019/12/7, 116, 74, 23, 27, 9, 11
2019/12/8, 139, 85, 26, 31, 11, 15
2019/12/9, 153, 91, 26, 33, 9, 15
2019/12/10, 167, 95, 28, 35, 10, 18
2019/12/11, 177, 119, 3, 29, 8, 15
2019/12/12, 213, 78, 22, 33, 8, 14
2019/12/13, 156, 83, 9, 25, 6, 12
2019/12/14, 166, 50, 6, 20, 5, 10
2019/12/15, 95, 34, 4, 12, 3, 10
2019/12/16, 64, 28, 8, 18, 4, 13
2019/12/17, 50, 26, 6, 11, 3, 11
2019/12/18, 46, 35, 6, 13, 4, 11
2019/12/19, 63, 43, 6, 13, 4, 8
2019/12/20, 84, 52, 6, 11, 3, 9
2019/12/21, 102, 49, 5, 11, 3, 9
2019/12/22, 90, 76, 5, 12, 4, 15
2019/12/23, 154, 94, 4, 20, 4, 20
2019/12/24, 168, 41, 6, 15, 2, 9
2019/12/25, 49, 51, 6, 17, 5, 10
2019/12/26, 75, 44, 6, 11, 3, 7
2019/12/27, 68, 65, 6, 19, 7, 8
2019/12/28, 117, 74, 8, 22, 5, 11
2019/12/29, 144, , , , , 
2019/7/1, 14, 6, 28, 18, , 14
2019/7/2, 17, 6, 26, 14, , 
2019/7/3, 16, 3, 16, 15, , 
2019/7/4, 10, 5, 14, 23, , 7
2019/7/5, 10, 5, 18, 21, , 6
2019/7/6, 9, 6, 26, 23, , 6
2019/7/7, 12, 7, 20, 25, , 7
2019/7/8, 12, 7, 42, 21, , 6
2019/7/9, 13, 5, 21, 21, , 6
2019/7/10, 13, 7, 11, 26, , 9
2019/7/11, 13, 7, 15, 23, , 7
2019/7/12, 14, 8, 13, 24, , 7
2019/7/13, 13, 9, 11, 17, , 7
2019/7/14, 20, 9, 14, 24, , 11
2019/7/15, 21, 9, 441, 28, , 10
2019/7/16, 21, 7, 151, 24, , 8
2019/7/17, 14, 8, 16, 24, , 8
2019/7/18, 17, 9, 18, 27, , 8
2019/7/19, 21, 6, 14, 24, , 4
2019/7/20, 14, 7, 13, 26, , 7
2019/7/21, 14, 7, 46, 28, , 9
2019/7/22, 14, 7, 19, 28, , 10
2019/7/23, 14, 3, 28, 24, , 6
2019/7/24, 7, , 18, 21, , 7
2019/7/30, 16, 7, 34, 16, , 4
2019/7/31, 21, 6, 14, 19, , 6
2019/8/1, 17, 4, 17, 14, , 6
2019/8/2, 13, 4, 17, 8, , 2
2019/8/3, 13, 6, 18, 16, , 8
2019/8/4, 18, , , 21, , 9
2019/8/20, 8, , , 9, , 10
2019/9/14, 18, 13, 43, 9, , 7
2019/9/15, 31, 12, 36, 11, , 9
2019/9/16, 30, 29, 36, 9, , 6
2019/9/17, 54, 37, 32, 6, , 5
2019/9/18, 74, 28, 22, 7, , 7
2019/9/19, 60, 38, 39, 7, , 8
2019/9/20, 75, 36, 30, 6, , 4
2019/9/21, 61, 38, 45, 10, , 5
2019/9/22, 53, 63, 57, 15, , 6
2019/9/23, 102, 72, 46, 18, , 8
2019/9/24, 113, 76, 63, 17, , 7
2019/9/25, 122, 75, 51, 15, , 6
2019/9/26, 132, 71, 59, 18, , 8
2019/9/27, 122, 84, 58, 21, , 10
2019/9/28, 146, 88, 54, 19, , 7
2019/9/29, 154, 99, 63, 16, , 8
2019/9/30, 175, 84, 50, 17, , 9
2019/5/4, , , 17, , , 
2019/5/5, , , 71, , , 
2019/5/6, , , 24, , , 
2019/5/7, , , 56, , , 
2019/5/8, , , 25, , , 
2019/5/9, , , 5, , , 
2019/5/10, , , 4, , , 
2019/5/11, , , , , , 
2019/5/12, , , , , , 
2019/5/13, , , , , , 
2019/5/14, , , , , , 
2019/5/15, , , , , , 
2019/5/16, , , , 24, , 
2019/5/17, , , , 25, , 
2019/5/18, , , , 26, , 
2019/5/19, , , , 20, , 
2019/5/20, , , , 19, , 
2019/5/21, , , , 13, , 
2019/5/22, , , , , , 
2019/5/23, , , , , , 
2019/5/24, , , , , , 
2019/5/25, , , , , , 
2019/5/26, , , , , , 
2019/5/27, , , , , , 
2019/5/28, , , , , , 
2019/5/29, , , , , , 
2019/5/30, , , , , , 
2019/5/31, , , , , , 
2019/6/1, , , , , , 
2019/6/2, , , , , , 
2019/6/3, , , , , , 
2019/6/4, , , , , , 
2019/6/5, , , , , , 
2019/6/6, , , , , , 
2019/6/7, , , , , , 
2019/6/8, , , , , , 
2019/6/9, , , , , , 
2019/6/10, , , , , , 
2019/6/11, , , , , , 
2019/6/12, , , , , , 
2019/6/13, , , , , , 
2019/6/14, , , , , , 
2019/6/15, , , , , , 
2019/6/16, , , , , , 
2019/6/17, , , , , , 
2019/6/18, , , , , , 
2019/6/19, , , , , , 
2019/6/20, , , , , , 
2019/6/21, , , , , , 
2019/6/22, , , , , , 
2019/6/23, , , , , , 
2019/6/24, , , , , , 
2019/6/25, , , , , , 
2019/6/26, , , , , , 
2019/6/27, , 3, 26, 19, , 17
2019/6/28, 4, 7, 50, 28, , 18
2019/6/29, 14, 5, 33, 18, , 14
2019/6/30, 11, 6, 22, 21, , 15
2018/7/26, 95, 98, , , , 
2018/7/27, 180, , , , , 
2018/4/1, 60, 20, , , 32, 
2018/4/2, 65, 17, , , 30, 
2018/4/3, 54, 17, , , 30, 
2018/4/4, 55, 13, , , 30, 
2018/4/5, 47, 10, , , 29, 
2018/4/6, 36, 18, , , 31, 
2018/4/7, 40, , , , , 
2018/4/19, 14, 2, , , 32, 
2018/4/20, 8, , , , , 
2018/4/26, 8, , , , , 
2018/5/17, 47, 19, , , 28, 
2018/5/18, 48, 15, , , 28, 
2018/5/19, 60, , , , , 
2018/5/28, 85, 53, , , 29, 
2018/5/29, 105, 52, , , 29, 
2018/5/30, 107, 51, , , 29, 
2018/5/31, 114, 52, , , 29, 
2018/6/1, 122, 50, , , 29, 
2018/6/2, 108, 44, , , 29, 
2018/6/3, 94, 55, , , 29, 
2018/6/4, 109, 28, , , 29, 
2018/6/5, 55, 46, , , 30, 
2018/6/6, 87, 64, , , 30, 
2018/6/7, 127, 78, , , 31, 
2018/6/8, 146, 187, , , 30, 
2018/6/9, 299, 152, , , 30, 
2018/6/10, 219, 105, , , 30, 
2018/6/11, 184, 62, , , 30, 
2018/6/12, 102, 51, , , 31, 
2018/6/13, 67, 61, , , 30, 
2018/6/14, 110, 45, , , 30, 
2018/6/15, 88, 71, , , 30, 
2018/6/16, 143, 59, , , 30, 
2018/6/17, 106, 72, , , 31, 
2018/6/18, 128, 70, , , 31, 
2018/6/19, 119, 68, , , 31, 
2018/6/20, 111, 102, , , 31, 
2018/6/21, 171, , , , , 
2018/6/27, 89, , , , , 
2018/1/1, 123, 60, , , 41, 
2018/1/2, 158, 43, , , 39, 
2018/1/3, 118, 40, , , 38, 
2018/1/4, 113, 28, , , 37, 
2018/1/5, 83, 23, , , 36, 
2018/1/6, 73, 21, , , 36, 
2018/1/7, 71, 14, , , 36, 
2018/1/8, 46, 31, , , 36, 
2018/1/9, 91, 35, , , 41, 
2018/1/10, 100, 39, , , 44, 
2018/1/11, 110, 43, , , 46, 
2018/1/12, 118, 51, , , 49, 
2018/1/13, 131, 55, , , 43, 
2018/1/14, 148, 55, , , 42, 
2018/1/15, 143, 45, , , 40, 
2018/1/16, 128, 44, , , 41, 
2018/1/17, 126, 38, , , 40, 
2018/1/18, 110, 26, , , 44, 
2018/1/19, 76, 34, , , 40, 
2018/1/20, 103, 33, , , 38, 
2018/1/21, 100, 21, , , 38, 
2018/1/22, 70, 18, , , 37, 
2018/1/23, 64, 19, , , 37, 
2018/1/24, 67, 14, , , 37, 
2018/1/25, 55, 15, , , 37, 
2018/1/26, 57, 16, , , 38, 
2018/1/27, 61, 14, , , 36, 
2018/1/28, 52, 22, , , 37, 
2018/1/29, 69, 39, , , 37, 
2018/1/30, 110, 39, , , 37, 
2018/1/31, 111, 39, , , 44, 
2018/2/1, 109, 36, , , 44, 
2018/2/2, 99, 33, , , 45, 
2018/2/3, 93, 36, , , 49, 
2018/2/4, 100, 38, , , 42, 
2018/2/5, 107, 38, , , 38, 
2018/2/6, 105, 41, , , 40, 
2018/2/7, 117, 39, , , 36, 
2018/2/8, 112, 12, , , 34, 
2018/2/9, 42, 44, , , 24, 
2018/2/10, 124, 38, , , 22, 
2018/2/11, 115, 40, , , 22, 
2018/2/12, 119, 44, , , 28, 
2018/2/13, 126, 15, , , 24, 
2018/2/14, 50, 6, , , 23, 
2018/2/15, 24, 17, , , 23, 
2018/2/16, 63, , , , , 
2018/2/21, 44, 11, , , 23, 
2018/2/22, 42, 9, , , 24, 
2018/2/23, 40, , , , , 
2018/2/26, 29, 1, , , 25, 
2018/2/27, 6, 1, , , 24, 
2018/2/28, 4, 1, , , 24, 
2018/3/1, 4, 1, , , 24, 
2018/3/2, 3, 1, , , 24, 
2018/3/3, 3, 1, , , 24, 
2018/3/4, 4, 1, , , 24, 
2018/3/5, 2, , , , 24, 
2018/3/8, 55, 38, , , 29, 
2018/3/9, 82, 46, , , 29, 
2018/3/10, 94, 53, , , 30, 
2018/3/11, 121, 57, , , 26, 
2018/3/12, 135, 52, , , 27, 
2018/3/13, 123, 35, , , 27, 
2018/3/14, 86, 37, , , 26, 
2018/3/15, 88, 33, , , 28, 
2018/3/16, 78, 25, , , 27, 
2018/3/17, 73, 21, , , 26, 
2018/3/18, 62, 44, , , 28, 
2018/3/19, 83, 28, , , 31, 
2018/3/20, 61, , , , , 
2018/3/30, 68, 21, , , 29, 
2018/3/31, 67, 17, , , 29, 
2017/10/1, 30, 23, , , 17, 
2017/10/2, 54, 14, , , 13, 
2017/10/3, 48, 13, , , 13, 
2017/10/4, 42, 16, , , 13, 
2017/10/5, 48, 17, , , 13, 
2017/10/6, 50, 10, , , 13, 
2017/10/7, 38, , , , , 
2017/10/11, 33, 17, , , 13, 
2017/10/12, 56, 17, , , 13, 
2017/10/13, 54, 18, , , 12, 
2017/10/14, 59, 13, , , 14, 
2017/10/15, 42, 7, , , 12, 
2017/10/16, 30, 4, , , 12, 
2017/10/17, 14, 5, , , 12, 
2017/10/18, 17, 16, , , 13, 
2017/10/19, 49, , , , , 
2017/10/23, 46, 6, , , 13, 
2017/10/24, 20, 12, , , 14, 
2017/10/25, 38, 18, , , 14, 
2017/10/26, 53, 6, , , 13, 
2017/10/27, 26, , , , , 
2017/10/30, 98, 26, , , 13, 
2017/10/31, 80, 31, , , 13, 
2017/11/1, 86, 30, , , 13, 
2017/11/2, 86, 29, , , 13, 
2017/11/3, 79, 23, , , 14, 
2017/11/4, 58, 23, , , 14, 
2017/11/5, 68, 19, , , 13, 
2017/11/6, 64, 11, , , 13, 
2017/11/7, 32, 11, , , 13, 
2017/11/8, 40, 4, , , 13, 
2017/11/9, 16, 7, , , 13, 
2017/11/10, 24, 8, , , 13, 
2017/11/11, 30, 4, , , 13, 
2017/11/12, 18, 2, , , 13, 
2017/11/13, 9, 5, , , 13, 
2017/11/14, 19, 10, , , 13, 
2017/11/15, 38, 7, , , 16, 
2017/11/16, 27, 7, , , 17, 
2017/11/17, 23, 7, , , 15, 
2017/11/18, 18, 5, , , 13, 
2017/11/19, 23, 7, , , 13, 
2017/11/20, 23, 9, , , 13, 
2017/11/21, 36, 8, , , 13, 
2017/11/22, 33, , , , , 
2017/11/24, 26, 5, , , 13, 
2017/11/25, 19, 5, , , 13, 
2017/11/26, 18, 3, , , 14, 
2017/11/27, 9, 60, , , 13, 
2017/11/28, 141, 65, , , 13, 
2017/11/29, 154, 61, , , 13, 
2017/11/30, 146, 30, , , 13, 
2017/12/1, 83, 38, , , 13, 
2017/12/2, 108, 49, , , 14, 
2017/12/3, 125, 34, , , 13, 
2017/12/4, 96, 28, , , 13, 
2017/12/5, 79, 42, , , 13, 
2017/12/6, 111, 52, , , 37, 
2017/12/7, 142, 34, , , 36, 
2017/12/8, 99, 33, , , 37, 
2017/12/9, 93, 52, , , 36, 
2017/12/10, 144, 46, , , 37, 
2017/12/11, 129, 48, , , 35, 
2017/12/12, 140, 37, , , 36, 
2017/12/13, 102, 31, , , 35, 
2017/12/14, 85, 20, , , 36, 
2017/12/15, 63, 19, , , 36, 
2017/12/16, 59, 39, , , 36, 
2017/12/17, 109, 50, , , 38, 
2017/12/18, 131, 38, , , 44, 
2017/12/19, 105, 46, , , 46, 
2017/12/20, 121, 44, , , 46, 
2017/12/21, 117, 52, , , 52, 
2017/12/22, 132, 56, , , 47, 
2017/12/23, 148, 44, , , 40, 
2017/12/24, 121, 56, , , 46, 
2017/12/25, 142, 66, , , 47, 
2017/12/26, 160, 55, , , 37, 
2017/12/27, 150, 44, , , 37, 
2017/12/28, 127, 52, , , 40, 
2017/12/29, 142, 20, , , 37, 
2017/12/30, 67, 33, , , 38, 
2017/12/31, 94, 46, , , 43, 
2017/7/1, 66, 34, 23, 11, 14, 
2017/7/2, 64, 23, 23, 10, 14, 
2017/7/3, 49, 6, 25, 10, 13, 
2017/7/4, 11, 5, 26, 8, 13, 
2017/7/5, 8, 3, 26, 8, 13, 
2017/7/6, 5, 3, 26, 9, 13, 
2017/7/7, 7, 2, 24, 9, 13, 
2017/7/8, 5, 2, 34, 8, 13, 
2017/7/9, 5, 2, 23, 8, 13, 
2017/7/10, 7, 2, 22, 8, 13, 
2017/7/11, 5, 20, 21, 8, 13, 
2017/7/12, 36, 33, 21, 8, 13, 
2017/7/13, 64, 28, 21, 9, 14, 
2017/7/14, 46, 25, 21, 8, 13, 
2017/7/15, 57, 20, 20, 8, 13, 
2017/7/16, 47, 14, 22, 7, 13, 
2017/7/17, 39, 23, 20, 8, 13, 
2017/7/18, 61, 18, 22, 8, 13, 
2017/7/19, 51, 21, 21, 7, 13, 
2017/7/20, 55, 27, 20, 8, 13, 
2017/7/21, 58, 24, 24, 9, 13, 
2017/7/22, 63, 20, 18, 10, 14, 
2017/7/23, 47, 39, 20, 13, 14, 
2017/7/24, 82, 35, 18, 7, 13, 
2017/7/25, 96, , , , , 
2017/8/7, 44, 22, 19, 12, 15, 
2017/8/8, 44, 23, 18, 7, 14, 
2017/8/9, 57, , , , , 
2017/8/11, 46, 17, 19, 9, 13, 
2017/8/12, 32, 26, 18, 10, 15, 
2017/8/13, 60, 27, 18, 10, 15, 
2017/8/14, 67, 16, 20, 7, 13, 
2017/8/15, 46, 13, 19, 8, 14, 
2017/8/16, 41, 15, 18, 8, 14, 
2017/8/17, 48, 33, 18, 8, 13, 
2017/8/18, 91, 28, 17, 13, 15, 
2017/8/19, 70, , , , , 
2017/8/22, 62, 35, 18, 2, 16, 
2017/8/23, 82, 102, 498, 3, 15, 
2017/8/24, 35, 53, 5, 1, 13, 
2017/8/25, 90, 18, , , 14, 
2017/8/26, 57, 21, , , 14, 
2017/8/27, 58, 19, , , 14, 
2017/8/28, 51, 12, , , 14, 
2017/8/29, 38, 13, , , 14, 
2017/8/30, 39, 29, , , 15, 
2017/8/31, 79, 21, , , 15, 
2017/9/1, 58, 14, , , 15, 
2017/9/2, 45, 12, , , 14, 
2017/9/3, 39, 24, , , 15, 
2017/9/4, 68, 18, , , 15, 
2017/9/5, 52, 18, , , 14, 
2017/9/6, 53, , , , , 
2017/9/9, 40, 7, , , 13, 
2017/9/10, 26, , , , , 
2017/9/19, 50, 18, , , 14, 
2017/9/20, 45, 23, , , 13, 
2017/9/21, 63, 24, , , 13, 
2017/9/22, 72, , , , , 
2017/9/25, 53, 15, , , 13, 
2017/9/26, 36, 23, , , 13, 
2017/9/27, 62, 24, , , 14, 
2017/9/28, 59, 24, , , 14, 
2017/9/29, 61, 21, , , 14, 
2017/9/30, 55, 10, , , 13, 
2017/4/1, 87, 48, 13, 34, 16, 
2017/4/2, 106, 52, 16, 36, 17, 
2017/4/3, 116, 34, 9, 20, 13, 
2017/4/4, 83, 37, 12, 17, 13, 
2017/4/5, 88, 34, 13, 14, 13, 
2017/4/6, 83, 32, 18, 12, 12, 
2017/4/7, 79, 35, 20, 11, 12, 
2017/4/8, 84, 40, 18, 14, 13, 
2017/4/9, 92, 46, 18, 18, 14, 
2017/4/10, 101, 44, 15, 28, 14, 
2017/4/11, 94, 34, 12, 19, 13, 
2017/4/12, 83, 18, 14, 55, 15, 
2017/4/13, 48, 23, 14, 75, 14, 
2017/4/14, 55, 4, 4, 39, 12, 
2017/4/15, 14, , , , , 
2017/4/17, 39, 8, 17, 36, 12, 
2017/4/18, 26, 10, 22, 51, 13, 
2017/4/19, 30, 24, 15, 27, 13, 
2017/4/20, 53, 50, 14, 22, 13, 
2017/4/21, 113, , , , , 
2017/4/25, 78, 41, 16, 25, 13, 
2017/4/26, 98, 28, 15, 19, 13, 
2017/4/27, 72, 38, 17, 29, 14, 
2017/4/28, 82, 42, 13, 30, 14, 
2017/4/29, 87, 35, 14, 22, 13, 
2017/4/30, 87, 30, 12, 16, 12, 
2017/5/1, 73, 30, 9, 15, 12, 
2017/5/2, 73, 36, 9, 17, 12, 
2017/5/3, 83, 34, 16, 22, 13, 
2017/5/4, 81, 30, 10, 26, 13, 
2017/5/5, 71, 35, 13, 24, 13, 
2017/5/6, 85, 30, 11, 21, 13, 
2017/5/7, 74, 26, 10, 17, 12, 
2017/5/8, 65, 27, 11, 20, 13, 
2017/5/9, 66, 26, 11, 19, 12, 
2017/5/10, 66, 24, 9, 14, 12, 
2017/5/11, 60, 21, 16, 16, 12, 
2017/5/12, 60, 27, 12, 25, 12, 
2017/5/13, 68, 24, 9, 16, 12, 
2017/5/14, 61, 22, 11, 16, 12, 
2017/5/15, 57, 28, 12, 16, 12, 
2017/5/16, 70, , , , , 
2017/5/18, 75, 15, 13, 13, 12, 
2017/5/19, 56, 24, 11, 18, 12, 
2017/5/20, 64, 32, 17, 18, 13, 
2017/5/21, 78, 27, 12, 15, 12, 
2017/5/22, 65, 31, 11, 17, 12, 
2017/5/23, 72, 21, 14, 18, 11, 
2017/5/24, 60, 25, 13, 17, 11, 
2017/5/25, 61, 26, 12, 21, 11, 
2017/5/26, 55, 37, 15, 24, 12, 
2017/5/27, 81, 47, 16, 27, 12, 
2017/5/28, 102, 58, 17, 28, 12, 
2017/5/29, 136, , , , , 
2017/5/31, 72, 29, 15, 14, 14, 
2017/6/1, 59, 34, 16, 15, 16, 
2017/6/2, 62, 27, 15, 14, 17, 
2017/6/3, 45, 26, 17, 14, 17, 
2017/6/4, 49, 25, 17, 15, 18, 
2017/6/5, 47, 9, 14, 13, 14, 
2017/6/6, 22, 3, 13, 13, 12, 
2017/6/7, 10, 4, 14, 12, 13, 
2017/6/8, 12, 3, 14, 11, 13, 
2017/6/9, 8, 4, 14, 11, 13, 
2017/6/10, 10, , , , , 
2017/6/12, 14, 2, 15, 14, 13, 
2017/6/13, 7, 2, 16, 10, 14, 
2017/6/14, 7, 4, 16, 12, 14, 
2017/6/15, 10, 3, 15, 13, 14, 
2017/6/16, 9, 2, 14, 11, 13, 
2017/6/17, 6, 2, 15, 11, 13, 
2017/6/18, 8, 3, 13, 11, 13, 
2017/6/19, 10, , , , , 
2017/6/21, 4, 3, 14, 13, 14, 
2017/6/22, 6, 9, 17, 10, 14, 
2017/6/23, 21, 21, 17, 9, 14, 
2017/6/24, 52, 23, 17, 11, 14, 
2017/6/25, 54, 31, 17, 10, 14, 
2017/6/26, 68, 23, 18, 9, 15, 
2017/6/27, 56, 21, 19, 8, 14, 
2017/6/28, 53, 27, 19, 9, 13, 
2017/6/29, 64, 30, 21, 10, 14, 
2017/6/30, 62, 36, 21, 11, 14, 
2017/1/2, 158, 61, 36, 11, 17, 69
2017/1/3, 159, 42, 20, 8, 18, 66
2017/1/4, 115, 26, 9, 6, 12, 28
2017/1/5, 80, 35, 15, 7, 12, 48
2017/1/6, 102, 37, 20, 9, 12, 40
2017/1/7, 104, 35, 15, 7, 14, 44
2017/1/8, 104, 26, 15, 4, 13, 54
2017/1/9, 81, 35, 17, , 12, 85
2017/1/10, 106, 18, 10, 4, 10, 40
2017/1/11, 65, 6, 1, 5, 8, 20
2017/1/12, 24, , , , , 
2017/1/17, 84, 44, 21, 13, 11, 35
2017/1/18, 115, 56, 21, 5, 14, 70
2017/1/19, 147, 32, 9, 6, 13, 40
2017/1/20, 82, 40, 9, 7, 13, 27
2017/1/21, 114, 42, 8, 6, 15, 23
2017/1/22, 120, , , , , 
2017/1/24, 129, 52, 21, 14, 14, 51
2017/1/25, 141, 47, 18, 15, 14, 47
2017/1/26, 129, 39, 15, 10, 13, 32
2017/1/27, 112, 26, 13, 6, 10, 16
2017/1/28, 81, 17, 4, 6, 10, 20
2017/1/29, 62, 19, 6, 7, 12, 20
2017/1/30, 68, 26, 9, 9, 12, 33
2017/1/31, 82, 23, 6, 6, 14, 34
2017/2/1, 76, 26, 4, 8, 13, 39
2017/2/2, 80, 24, 4, 7, 14, 40
2017/2/3, 77, 21, 9, 7, 11, 23
2017/2/4, 70, 25, 5, 7, 11, 30
2017/2/5, 78, 22, 3, 8, 12, 37
2017/2/6, 71, 19, 3, 6, 12, 28
2017/2/7, 62, 21, 4, 6, 13, 37
2017/2/8, 63, 17, 3, 9, 12, 29
2017/2/9, 59, 123, 7, 11, 15, 18
2017/2/10, 98, 44, 9, 12, 15, 
2017/2/11, 125, 44, 12, 14, 15, 
2017/2/12, 123, 47, 13, 22, 23, 
2017/2/13, 128, 50, 14, 14, 14, 
2017/2/14, 140, 41, 12, 16, 19, 
2017/2/15, 113, 23, 3, 11, 13, 
2017/2/16, 74, , , , , 
2017/2/20, 45, 10, 10, 5, 12, 
2017/2/21, 39, 10, 13, 3, 11, 
2017/2/22, 39, 14, 2, 5, 12, 
2017/2/23, 53, 16, , 9, 13, 
2017/2/24, 59, 16, 2, 9, 12, 
2017/2/25, 59, 20, 4, 9, 14, 
2017/2/26, 69, 21, 4, 14, 14, 
2017/2/27, 70, 27, 7, 12, 24, 
2017/2/28, 83, 49, 14, 10, 13, 
2017/3/1, 126, 74, 20, 12, 16, 
2017/3/2, 156, 70, 4, 15, 17, 
2017/3/3, 151, 63, 5, 10, 13, 
2017/3/4, 150, 55, 7, 7, 13, 
2017/3/5, 131, 58, 1, 6, 17, 
2017/3/6, 137, 53, 3, 6, 13, 
2017/3/7, 142, , , , , 
2017/3/10, 160, 60, , 4, 11, 
2017/3/11, 151, 36, , 4, 10, 
2017/3/12, 92, 35, , 3, 10, 
2017/3/13, 88, , , , , 
2017/3/15, 108, 40, 21, 2, 16, 
2017/3/16, 110, 43, 18, 3, 13, 
2017/3/17, 106, 40, 19, 4, 10, 
2017/3/18, 99, 30, 20, 4, 10, 
2017/3/19, 78, 35, 15, 4, 10, 
2017/3/20, 80, 28, 12, 5, 10, 
2017/3/21, 68, 31, 11, 4, 10, 
2017/3/22, 74, 30, 11, 4, 10, 
2017/3/23, 75, 29, 13, 3, 10, 
2017/3/24, 73, 28, 11, 6, 13, 
2017/3/25, 69, 34, 10, 7, 13, 
2017/3/26, 77, 46, 10, 10, 14, 
2017/3/27, 96, 60, 18, 13, 16, 
2017/3/28, 136, 48, 18, 8, 12, 
2017/3/29, 116, 43, 15, 24, 14, 
2017/3/30, 101, 25, 10, 19, 13, 
2017/3/31, 68, 37, 11, 22, 14, 
2016/10/5, 146, 62, 5, 11, 14, 44
2016/10/6, 120, 36, 6, 11, 14, 35
2016/10/7, 78, , , , , 
2016/10/11, 6, , 5, 12, 14, 29
2016/10/13, 139, 55, 1, 4, 13, 22
2016/10/14, 132, , , , , 
2016/10/18, 76, 34, 1, 42, 14, 32
2016/10/19, 49, 38, 2, 72, 16, 59
2016/10/20, 75, , , , , 
2016/10/23, 115, , , , , 
2016/10/25, 75, 29, 11, 31, 13, 41
2016/10/26, 70, 34, 3, 31, 13, 37
2016/10/27, 78, 39, 6, 45, 14, 47
2016/10/28, 84, 41, 4, 45, 14, 37
2016/10/29, 92, 26, 2, 34, 14, 21
2016/10/30, 74, 31, 1, 33, 13, 28
2016/10/31, 83, 23, 1, 31, 14, 24
2016/11/1, 65, 31, 1, 33, 17, 28
2016/11/2, 80, 37, 2, 52, 15, 47
2016/11/3, 84, 71, 1, 46, 15, 36
2016/11/4, 163, 58, 2, 63, 14, 50
2016/11/5, 121, 59, 2, 57, 15, 54
2016/11/6, 135, 61, 2, 48, 15, 65
2016/11/7, 139, 29, 16, 17, 10, 33
2016/11/8, 78, 10, 17, 5, 9, 19
2016/11/9, 37, 21, 19, 6, 9, 22
2016/11/10, 61, 42, 28, 14, 10, 35
2016/11/11, 99, 68, 45, 13, 13, 58
2016/11/12, 154, 56, 44, 9, 10, 42
2016/11/13, 130, 30, 20, 5, 9, 40
2016/11/14, 75, 35, 23, 6, 10, 47
2016/11/15, 75, 39, 25, 6, 10, 54
2016/11/16, 87, 44, 29, 10, 15, 54
2016/11/17, 96, 51, 33, 8, 12, 57
2016/11/18, 114, 52, 53, 13, 13, 49
2016/11/19, 123, 44, 41, 10, 12, 37
2016/11/20, 109, 42, 44, 13, 12, 59
2016/11/21, 98, 36, 36, 7, 12, 57
2016/11/22, 87, 27, 33, 8, 13, 46
2016/11/23, 70, 26, 23, 5, 12, 24
2016/11/24, 72, 35, 23, 8, 13, 29
2016/11/25, 95, 25, 16, 6, 12, 20
2016/11/26, 63, 39, 35, 14, 14, 27
2016/11/27, 96, 51, 41, 19, 21, 38
2016/11/28, 120, 48, 21, 17, 17, 44
2016/11/29, 115, 39, 30, 13, 15, 25
2016/11/30, 100, 35, 35, 13, 14, 32
2016/12/1, 90, , , , , 
2016/12/4, 169, 69, 67, 13, 22, 56
2016/12/5, 164, 45, 30, 10, 18, 35
2016/12/6, 143, 52, 48, 15, 23, 54
2016/12/7, 131, 61, 43, 15, 19, 77
2016/12/8, 144, 69, 79, 25, 26, 59
2016/12/9, 164, 62, 42, 24, 28, 58
2016/12/10, 152, 64, 57, 20, 19, 46
2016/12/11, 154, 43, 31, 10, 12, 44
2016/12/12, 114, 33, 30, 8, 15, 50
2016/12/13, 90, 31, 18, 7, 14, 31
2016/12/14, 91, 24, 14, 7, 10, 25
2016/12/15, 76, 42, 22, 10, 15, 39
2016/12/16, 112, 46, 25, 16, 22, 52
2016/12/17, 119, 60, 34, 15, 28, 56
2016/12/18, 156, 62, 49, 5, 20, 76
2016/12/19, 147, 28, 18, 2, 11, 44
2016/12/20, 81, 31, 19, 3, 14, 52
2016/12/21, 85, 25, 15, 4, 14, 31
2016/12/22, 72, 43, 27, 11, 18, 50
2016/12/23, 113, 29, 19, 6, 15, 53
2016/12/24, 82, 13, 15, 3, 12, 38
2016/12/25, 42, 10, 14, 4, 13, 48
2016/12/26, 31, 3, 11, 8, 12, 25
2016/12/27, 8, 25, 25, 12, 16, 50
2016/12/28, 62, 57, 28, 13, 24, 53
2016/12/29, 139, 58, 29, 15, 22, 61
2016/12/30, 143, 75, 38, 17, 23, 58
2016/12/31, 171, , , , , 
2016/7/1, 52, 28, 8, 3, 13, 17
2016/7/2, 59, , , , , 
2016/7/7, 68, 59, 8, 2, 13, 24
2016/7/8, 142, , , , , 
2016/7/13, 88, 29, 9, 9, 13, 29
2016/7/14, 71, 34, 9, 11, 13, 20
2016/7/15, 71, 6, 8, 6, 13, 14
2016/7/16, 15, , , , , 
2016/7/26, 50, 35, 8, 15, 13, 10
2016/7/27, 59, , , , , 
2016/8/8, 63, 31, 9, 13, 14, 16
2016/8/9, 69, 30, 9, 8, 14, 15
2016/8/10, 71, 29, 9, 10, 13, 18
2016/8/11, 74, 19, 9, 9, 12, 14
2016/8/12, 56, 17, 9, 7, 12, 13
2016/8/13, 45, 7, 9, 9, 12, 18
2016/8/14, 21, 9, 10, 8, 12, 11
2016/8/15, 27, , , , , 
2016/8/22, 77, 35, 9, 9, 13, 21
2016/8/23, 85, 46, 9, 9, 13, 17
2016/8/24, 100, 56, 9, 9, 13, 17
2016/8/25, 117, 55, 9, 10, 13, 16
2016/8/26, 112, 28, 9, 8, 13, 11
2016/8/27, 66, 20, 9, 7, 13, 14
2016/8/28, 56, 45, 9, 12, 13, 22
2016/8/29, 99, 63, 10, 18, 13, 26
2016/8/30, 136, 51, 10, 15, 13, 24
2016/8/31, 108, 31, 9, 11, 13, 19
2016/9/1, 64, 21, 10, 7, 13, 10
2016/9/2, 56, 36, 10, 10, 13, 15
2016/9/3, 82, 53, 13, 11, 13, 17
2016/9/4, 121, 55, 13, 12, 13, 19
2016/9/5, 128, 47, 18, 9, 13, 21
2016/9/6, 112, 30, 10, 10, 13, 21
2016/9/7, 80, 47, 13, 11, 14, 26
2016/9/8, 105, 44, 11, 14, 14, 26
2016/9/9, 86, 39, 9, 2, 13, 9
2016/9/10, 86, , , , , 
2016/9/14, 91, 54, 7, 8, 12, 17
2016/9/15, 123, , , , , 
2016/4/1, 139, 33, 38, 8, , 16
2016/4/2, 89, 44, 26, 7, , 12
2016/4/3, 102, 43, 25, 7, , 17
2016/4/4, 95, 45, 28, 6, , 14
2016/4/5, 100, 46, 50, 7, , 14
2016/4/6, 101, 51, 47, 5, , 19
2016/4/7, 112, 44, 46, 9, , 23
2016/4/8, 106, 53, 17, 6, , 9
2016/4/9, 125, , , , , 
2016/4/13, 141, 64, 101, 17, , 24
2016/4/14, 143, 60, 118, 12, , 21
2016/4/15, 143, , , , , 
2016/4/19, 98, 30, , 11, , 11
2016/4/20, 74, 40, 29, 10, , 24
2016/4/21, 91, 24, 36, 15, , 26
2016/4/22, 66, , , , , 
2016/4/25, 62, 42, 97, 10, , 27
2016/4/26, 86, 48, 161, 8, , 31
2016/4/27, 102, 46, 114, 14, , 31
2016/4/28, 92, 50, 95, 11, , 43
2016/4/29, 116, 44, 96, 9, , 31
2016/4/30, 104, 23, 66, 8, , 21
2016/5/1, 64, 27, 151, 3, , 8
2016/5/2, 77, , , , , 
2016/5/9, 85, 38, 167, 10, , 25
2016/5/10, 85, 49, 116, 13, , 30
2016/5/11, 102, 38, 131, 14, 12, 33
2016/5/12, 84, 31, 159, 12, 12, 23
2016/5/13, 72, 27, 128, 6, 11, 21
2016/5/14, 61, 34, 145, 5, 11, 18
2016/5/15, 74, 39, 52, 9, 11, 15
2016/5/16, 71, 37, 43, 12, 11, 25
2016/5/17, 71, 14, 76, 9, 11, 27
2016/5/18, 29, 13, 166, 6, 11, 26
2016/5/19, 27, 12, 159, 7, 11, 21
2016/5/20, 26, 4, 136, 6, 11, 17
2016/5/21, 13, 5, 111, 8, 11, 30
2016/5/22, 15, 5, 94, 9, 11, 37
2016/5/23, 15, 4, 131, 4, 11, 27
2016/5/24, 13, 5, 133, 5, 11, 32
2016/5/25, 15, 34, 155, 2, 11, 22
2016/5/26, 76, 25, 156, 4, 11, 34
2016/5/27, 53, 14, 146, 6, 11, 25
2016/5/28, 25, 6, 150, 4, 11, 26
2016/5/29, 18, 4, 116, 5, 11, 36
2016/5/30, 13, 6, 83, 5, 11, 22
2016/5/31, 14, 6, 62, 4, 11, 19
2016/6/1, 11, 9, 45, 5, 11, 20
2016/6/2, 14, 6, 36, 5, 12, 20
2016/6/3, 10, 4, 33, 5, 11, 25
2016/6/4, 8, , , , , 
2016/6/7, 8, , , , , 
2016/6/22, 150, 38, 33, 5, 13, 28
2016/6/23, 78, 36, 23, 7, 13, 27
2016/6/24, 72, 37, 23, 9, 13, 26
2016/6/25, 79, 40, 21, 9, 13, 18
2016/6/26, 79, 28, 25, 8, 13, 26
2016/6/27, 69, 33, 26, 8, 13, 26
2016/6/28, 73, 35, 8, 3, 13, 28
2016/6/29, 81, 30, 8, 2, 13, 36
2016/6/30, 73, 22, 8, 2, 13, 18
2016/1/4, 188, , 23, 19, 6, 22
2016/1/5, 168, , , , , 
2016/1/11, 99, 6, 25, 16, 6, 24
2016/1/12, 30, 4, 13, 14, 6, 19
2016/1/13, 14, 3, 11, 10, 6, 18
2016/1/14, 9, 1, 11, 7, 6, 9
2016/1/15, 6, , , , , 
2016/1/19, 20, 6, 11, , 6, 10
2016/1/20, 20, 5, 10, , 6, 13
2016/1/21, 18, 2, 10, , 6, 11
2016/1/22, 6, 3, 20, , 6, 5
2016/1/23, 8, 4, 28, , 6, 2
2016/1/24, 12, 42, 15, 5, 6, 5
2016/1/25, 78, , 14, , 6, 4
2016/1/27, 87, 9, 14, , 6, 12
2016/1/28, 41, , , , , 
2016/2/19, 34, 9, 12, 31, 6, 16
2016/2/20, 27, , , , , 
2016/2/22, 16, 3, 15, 16, 6, 10
2016/2/23, 10, , 19, 16, 6, 9
2016/2/26, 159, 60, 19, 16, 7, 14
2016/2/27, 143, 80, 30, 22, 7, 16
2016/2/28, 157, 83, 29, 27, 7, 17
2016/2/29, 150, 99, 40, 31, 7, 25
2016/3/1, 167, , , , , 
2016/3/4, 123, 44, 4, 14, 7, 25
2016/3/5, 114, 56, 22, 13, 7, 14
2016/3/6, 137, 49, 20, 9, 7, 13
2016/3/7, 118, 34, 74, 6, 7, 21
2016/3/8, 89, 43, 54, 11, 7, 20
2016/3/9, 104, 37, 14, 14, 7, 11
2016/3/10, 70, 54, 19, 19, 7, 13
2016/3/11, 101, 61, 14, 17, 7, 16
2016/3/12, 143, 53, 19, 14, 7, 11
2016/3/13, 132, 62, 16, 23, 7, 16
2016/3/14, 134, 61, 19, 23, 7, 19
2016/3/15, 136, 52, 18, 20, 7, 22
2016/3/16, 125, 53, 17, 18, 7, 21
2016/3/17, 126, 53, 50, 12, 7, 21
2016/3/18, 134, 56, 60, 10, 7, 20
2016/3/19, 136, 33, 4, 6, 7, 5
2016/3/20, 98, 54, 52, 6, 7, 16
2016/3/21, 125, 48, 67, 6, 7, 24
2016/3/22, 115, 45, 23, 7, 7, 15
2016/3/23, 110, , , , , 
2016/3/31, 148, 60, 15, 12, , 24
2014/10/1, 103, 37, 12, 29, , 24
2014/10/2, 94, 41, 16, 32, , 25
2014/10/3, 104, 31, 14, 25, , 22
2014/10/4, 83, 12, 7, 13, , 10
2014/10/5, 43, 24, 35, 20, , 12
2014/10/6, 75, 25, 25, 33, , 19
2014/10/7, 75, 34, 31, 32, , 23
2014/10/8, 96, 38, 31, 34, , 22
2014/10/9, 106, 39, 38, 37, , 30
2014/10/10, 109, 45, 30, 26, , 22
2014/10/11, 123, , , , , 
2014/10/13, 28, 11, 28, 38, , 20
2014/10/14, 38, , 29, 33, , 19
2014/7/1, 92, 44, 6, 25, 7, 21
2014/7/2, 95, 26, 6, 24, 7, 19
2014/7/3, 57, 20, 6, 27, 7, 18
2014/7/4, 54, 24, 6, 23, 7, 19
2014/7/5, 71, 30, 6, 28, 7, 20
2014/7/6, 90, 16, 6, 28, 7, 20
2014/7/7, 55, 25, 18, 21, 7, 15
2014/7/8, 73, 36, 4, 27, 8, 21
2014/7/9, 80, 39, 15, 21, 9, 19
2014/7/10, 85, 55, 4, 24, 8, 23
2014/7/11, 110, 43, 2, 17, 10, 18
2014/7/12, 96, 19, 2, 7, 9, 10
2014/7/13, 53, , , , , 
2014/7/16, 80, 36, 2, 27, 8, 27
2014/7/17, 83, 52, 23, 14, 9, 12
2014/7/18, 114, 43, 6, 12, 8, 9
2014/7/19, 92, 18, 3, 16, 8, 14
2014/7/20, 48, 13, 3, 24, 8, 23
2014/7/21, 46, 20, 10, 34, 9, 21
2014/7/22, 67, 17, 30, 22, 9, 17
2014/7/23, 59, 25, 26, 30, 10, 20
2014/7/24, 79, 17, 3, 11, 8, 7
2014/7/25, 64, , , , , 
2014/7/28, 69, 18, 13, 23, 9, 18
2014/7/29, 64, 21, 8, 20, 9, 17
2014/7/30, 71, 30, 9, 31, 10, 22
2014/7/31, 94, 12, 4, 26, 10, 21
2014/8/1, 47, 13, 13, 24, 10, 17
2014/8/2, 50, 18, 21, 19, 10, 12
2014/8/3, 59, 29, 17, 24, 10, 18
2014/8/4, 86, 36, 3, 21, 10, 21
2014/8/5, 108, , 2, 24, 9, 23
2014/8/21, 118, 45, 4, 23, 11, 25
2014/8/22, 100, 44, 3, 21, 12, 18
2014/8/23, 85, 48, 3, 21, 12, 22
2014/8/24, 108, 36, 3, 23, 12, 22
2014/8/25, 84, , 4, 18, 11, 18
2014/8/27, 94, 38, 12, 13, 11, 9
2014/8/28, 94, 23, 6, 16, 10, 16
2014/8/29, 63, 38, 10, 21, 11, 14
2014/8/30, 86, 59, 25, 22, 12, 18
2014/8/31, 127, 44, 5, 16, 12, 13
2014/9/1, 105, 30, 4, 20, 11, 21
2014/9/2, 75, 52, 4, 23, 11, 23
2014/9/3, 117, 54, 5, 30, 13, 25
2014/9/4, 109, 40, 3, 26, 13, 25
2014/9/5, 72, 48, 3, 23, 13, 23
2014/9/6, 90, 54, 37, 25, 13, 18
2014/9/7, 110, 74, 20, 34, 13, 27
2014/9/8, 158, 56, 15, 29, , 23
2014/9/9, 121, 48, 4, 21, , 20
2014/9/10, 99, 43, 3, 24, , 21
2014/9/11, 85, 47, 3, 24, , 24
2014/9/12, 94, 48, 8, 26, , 20
2014/9/13, 94, 51, 14, 26, , 18
2014/9/14, 111, 44, 19, 23, , 15
2014/9/15, 103, 42, 18, 11, , 10
2014/9/16, 106, 22, 19, 12, , 11
2014/9/17, 59, 30, 5, 19, , 21
2014/9/18, 75, 60, 5, 27, , 26
2014/9/19, 133, 45, 4, 20, , 20
2014/9/20, 103, 36, 19, 22, , 16
2014/9/21, 87, 57, 6, 19, , 14
2014/9/22, 130, 57, 41, 44, , 
2014/9/23, 117, 74, 23, 30, , 
2014/9/24, 146, 88, 40, , , 28
2014/9/25, 173, 78, 3, 52, , 26
2014/9/26, 160, 57, 3, 26, , 24
2014/9/27, 132, 43, 3, 19, , 18
2014/9/28, 104, 36, 2, 17, , 25
2014/9/29, 81, 37, 7, 25, , 20
2014/9/30, 89, 42, 5, 29, , 24
2014/4/1, 147, 73, 6, 30, 2, 26
2014/4/2, 164, 56, 4, 26, 5, 28
2014/4/3, 138, 66, 12, 30, 8, 26
2014/4/4, 148, 66, 5, 35, 7, 30
2014/4/5, 154, 44, 17, 31, 7, 20
2014/4/6, 107, 31, 13, 36, 8, 24
2014/4/7, 75, 47, 11, 30, 13, 27
2014/4/8, 113, 43, 9, 25, 14, 20
2014/4/9, 104, 36, 4, 21, 14, 22
2014/4/10, 88, 39, 3, 19, 14, 23
2014/4/11, 93, 45, 3, 20, 15, 22
2014/4/12, 107, 45, 2, 20, 15, 21
2014/4/13, 107, 54, 1, 23, 16, 28
2014/4/14, 126, 45, 2, 16, 15, 21
2014/4/15, 106, 42, 3, 17, 15, 19
2014/4/16, 96, 49, 3, 21, 15, 25
2014/4/17, 111, 47, 3, 21, 16, 26
2014/4/18, 110, 45, 1, 18, 16, 24
2014/4/19, 106, 39, 1, 20, 16, 24
2014/4/20, 96, 38, 2, 16, 15, 22
2014/4/21, 94, 46, 1, 18, 16, 30
2014/4/22, 109, 43, 1, 15, 16, 27
2014/4/23, 109, 47, 1, 20, 16, 28
2014/4/24, 111, 51, 1, 22, 17, 27
2014/4/25, 118, 48, 2, 26, 16, 22
2014/4/26, 105, 38, 16, 15, 15, 17
2014/4/27, 91, 62, 9, 16, 12, 26
2014/4/28, 136, 81, 8, 17, 7, 24
2014/4/29, 165, 50, 22, 14, 6, 12
2014/4/30, 116, 74, 31, 14, 6, 15
2014/5/1, 158, 66, 36, 18, 7, 16
2014/5/2, 136, 58, 11, 18, 7, 19
2014/5/3, 126, 70, 18, 16, 6, 16
2014/5/4, 134, 39, 35, 16, 7, 13
2014/5/5, 88, 60, 30, 20, 8, 17
2014/5/6, 131, 74, 11, 24, 11, 29
2014/5/7, 155, 54, 14, 22, 6, 27
2014/5/8, 124, 53, 26, 27, 7, 21
2014/5/9, 101, 48, 27, 24, 8, 17
2014/5/10, 78, 61, 70, 24, 8, 14
2014/5/11, 110, 66, 12, 32, 8, 24
2014/5/12, 134, 60, 23, 30, 7, 20
2014/5/13, 110, 62, 40, 32, 9, 17
2014/5/14, 101, 54, 35, 27, 9, 16
2014/5/15, 108, 67, 8, 32, 7, 23
2014/5/16, 133, 48, 13, 28, 9, 17
2014/5/17, 93, 61, 14, 17, 6, 13
2014/5/18, 117, 58, 31, 33, 10, 28
2014/5/19, 106, 42, 12, 22, 7, 20
2014/5/20, 85, 49, 14, 20, 7, 17
2014/5/21, 85, 50, 17, 23, 8, 17
2014/5/22, 73, 58, 19, 26, 8, 16
2014/5/23, 95, 58, 18, 22, 7, 14
2014/5/24, 108, 54, 10, 17, 6, 12
2014/5/25, 105, 55, 15, 21, 7, 24
2014/5/26, 104, 48, 7, 24, 6, 23
2014/5/27, 99, 47, 12, 30, 7, 24
2014/5/28, 96, 65, 5, 16, 6, 23
2014/5/29, 137, 68, 8, 20, 6, 20
2014/5/30, 119, 39, 12, 17, 7, 17
2014/5/31, 76, 59, 10, 5, 6, 14
2014/6/1, 105, 53, 22, 17, 7, 16
2014/6/2, 101, 55, 14, 24, 7, 17
2014/6/3, 101, 59, 16, 18, 6, 19
2014/6/4, 113, 93, 25, 25, 7, 23
2014/6/5, 177, 45, 17, 27, 8, 21
2014/6/6, 92, 41, 37, 21, 7, 13
2014/6/7, 92, 49, 37, 19, 7, 14
2014/6/8, 106, 67, 34, 30, 8, 21
2014/6/9, 126, 68, 13, 28, 8, 21
2014/6/10, 141, , , , , 
2014/6/18, 117, 62, 6, 32, 6, 27
2014/6/19, 122, 54, 11, 23, 7, 20
2014/6/20, 97, 61, 31, 27, 6, 20
2014/6/21, 111, 49, 8, 17, 6, 15
2014/6/22, 118, 74, 22, 32, 6, 31
2014/6/23, 151, 82, 10, 37, 6, 26
2014/6/24, 162, 61, 5, 34, 6, 27
2014/6/25, 115, 54, 17, 22, 7, 19
2014/6/26, 105, 62, 15, 27, 7, 19
2014/6/27, 125, 40, 10, 24, 7, 17
2014/6/28, 89, 57, 7, 28, 7, 18
2014/6/29, 116, 53, 7, 21, 7, 17
2014/6/30, 119, 38, 6, 23, 7, 20
2014/1/2, 186, 144, 69, 39, 8, 43
2014/1/3, 227, 151, 24, 25, 12, 28
2014/1/4, 253, , , , , 
2014/1/6, 188, 85, 46, 30, 3, 27
2014/1/7, 167, 80, 20, 28, 10, 27
2014/1/8, 163, 75, 29, 23, 7, 22
2014/1/9, 165, 103, 21, 32, 12, 32
2014/1/10, 189, 115, 17, 20, 6, 25
2014/1/11, 206, 69, 19, 17, 5, 20
2014/1/12, 150, 59, 32, 17, 6, 17
2014/1/13, 133, 77, 93, 27, 9, 21
2014/1/14, 162, 85, 96, 35, 11, 22
2014/1/15, 171, 90, 104, 37, 10, 23
2014/1/16, 179, 100, 54, 29, 6, 28
2014/1/17, 191, 102, 65, 36, 9, 31
2014/1/18, 194, 102, 66, 35, 16, 28
2014/1/19, 199, , , , , 
2014/1/21, 179, 91, 55, 41, 13, 28
2014/1/22, 180, 108, 33, 47, 10, 30
2014/1/23, 183, 94, 35, 34, 2, 24
2014/1/24, 166, 101, 19, 31, 3, 26
2014/1/25, 183, 97, 17, 29, 5, 26
2014/1/26, 181, 85, 23, 34, 4, 29
2014/1/27, 167, 65, 23, 29, 3, 24
2014/1/28, 153, 69, 18, 28, 3, 25
2014/1/29, 154, 76, 27, 22, 3, 23
2014/1/30, 164, 61, 34, 15, 2, 16
2014/1/31, 134, 38, 21, 16, 2, 13
2014/2/1, 101, 39, 20, 18, 2, 14
2014/2/2, 101, 37, 20, 20, 2, 14
2014/2/3, 94, 33, 23, 17, 2, 13
2014/2/4, 84, 31, 17, 15, 2, 14
2014/2/5, 84, 37, 19, 17, 2, 18
2014/2/6, 99, 29, 15, 17, 2, 20
2014/2/7, 81, 43, 10, 16, 2, 19
2014/2/8, 120, 46, 12, 14, 2, 17
2014/2/9, 125, 47, 19, 15, 1, 15
2014/2/10, 127, 62, 23, 14, 1, 14
2014/2/11, 159, 86, 14, 27, 1, 23
2014/2/12, 183, 62, 25, 18, 4, 16
2014/2/13, 154, 76, 29, 27, 7, 18
2014/2/14, 168, 96, 18, 37, 8, 24
2014/2/15, 187, 107, 20, 24, 3, 21
2014/2/16, 209, 84, 13, 26, 1, 31
2014/2/17, 182, 54, 14, 16, 1, 30
2014/2/18, 125, 56, 24, 18, 2, 19
2014/2/19, 128, 72, 36, 28, 2, 19
2014/2/20, 147, 81, 17, 38, 4, 27
2014/2/21, 161, 68, 8, 26, 4, 26
2014/2/22, 160, 55, 3, 21, 3, 28
2014/2/23, 145, 68, 9, 29, 2, 27
2014/2/24, 148, 57, 8, 27, 1, 25
2014/2/25, 133, 65, 1, 27, 2, 22
2014/2/26, 154, 57, 3, 30, 2, 30
2014/2/27, 140, 47, 10, 22, 1, 25
2014/2/28, 121, 39, 3, 17, , 14
2014/3/1, 106, 83, 5, 30, 2, 26
2014/3/2, 166, 68, 7, 25, 2, 30
2014/3/3, 158, 71, 4, 21, 2, 25
2014/3/4, 162, 72, 6, 23, 2, 26
2014/3/5, 160, 55, 3, 28, 2, 36
2014/3/6, 139, 37, 1, 18, 2, 29
2014/3/7, 107, 30, 1, 16, 2, 25
2014/3/8, 90, 39, 4, 16, 1, 15
2014/3/9, 97, 52, 2, 17, 1, 17
2014/3/10, 125, 69, 2, 22, 2, 26
2014/3/11, 153, 56, 4, 25, 2, 29
2014/3/12, 132, 52, 7, 19, 2, 24
2014/3/13, 138, 73, 11, 26, 2, 18
2014/3/14, 160, 67, 11, 34, 3, 22
2014/3/15, 147, 50, 8, 25, 2, 19
2014/3/16, 121, 74, 1, 27, 4, 33
2014/3/17, 157, 48, 2, 21, 2, 23
2014/3/18, 117, 51, 1, 27, 2, 30
2014/3/19, 124, 59, 2, 26, 2, 28
2014/3/20, 146, 53, 16, 19, 1, 12
2014/3/21, 131, 44, 7, 22, 1, 14
2014/3/22, 115, 45, 3, 19, 1, 22
2014/3/23, 122, 47, 9, 30, 2, 22
2014/3/24, 118, 61, 14, 28, 2, 19
2014/3/25, 133, 57, 7, 28, 2, 23
2014/3/26, 132, 57, 4, 25, 2, 23
2014/3/27, 131, 44, 4, 20, 2, 23
2014/3/28, 104, 41, 1, 19, 2, 25
2014/3/29, 101, 50, 5, 24, 2, 21
2014/3/30, 122, 62, 11, 30, 2, 23
2014/3/31, 147, 64, 6, 33, 2, 28
2024/4/14, , 66, 11, 1, 8, 7
2024/4/15, , 58, 10, 1, 8, 4
2024/4/16, , 56, 10, 1, 7, 5
2024/4/17, , 57, 10, 1, 8, 5
2024/4/18, , 59, 10, 1, 7, 6
2024/4/19, , 69, 11, 1, 7, 7
2024/4/20, , 68, 9, 1, 7, 6
2024/4/21, , 63, 9, 1, 7, 9
2024/4/22, , 67, , 1, 8, 9
2024/4/23, , 72, 9, 1, 8, 9
2024/1/23, , 40, 9, 15, 7, 5
2023/11/21, , 102, 14, 40, 24, 9
2023/12/28, , 104, 22, 38, 25, 10
2023/2/9, , 51, 5, 24, 20, 7
2023/2/24, , 49, 22, 33, 20, 7
2022/6/16, , 17, 7, 18, 14, 7
2021/8/29, , 7, 23, 11, 10, 3
2021/5/3, , 19, 18, 14, 7, 4
2021/5/28, , 9, 24, 14, 9, 4
2020/3/31, , 36, 7, 6, 5, 5
2019/12/31, , 80, 4, 28, 4, 15
2019/7/29, , 6, 32, 24, , 8
2019/8/19, , 4, 22, 11, , 7
2019/9/13, , 8, 34, 11, , 7
2019/5/3, , , 13, , , 
2018/7/25, , 71, , , , 
2018/4/18, , 3, , , 32, 
2018/4/25, , 2, , , 38, 
2018/5/16, , 20, , , 28, 
2018/5/27, , 44, , , 29, 
2018/6/26, , 35, , , 32, 
2018/2/20, , 10, , , 23, 
2018/2/25, , 7, , , 26, 
2018/3/7, , 24, , , 25, 
2018/3/29, , 22, , , 30, 
2017/10/10, , 8, , , 13, 
2017/10/22, , 15, , , 14, 
2017/10/29, , 34, , , 15, 
2017/11/23, , 6, , , 13, 
2017/8/6, , 21, 13, 17, 13, 
2017/8/10, , 21, 14, 9, 12, 
2017/8/21, , 25, 16, 2, 15, 
2017/9/8, , 12, , , 15, 
2017/9/18, , 18, , , 13, 
2017/9/24, , 14, , , 13, 
2017/4/16, , 14, 19, 69, 12, 
2017/4/24, , 33, 13, 24, 13, 
2017/5/17, , 26, 13, 17, 12, 
2017/5/30, , 30, 13, 19, 13, 
2017/6/11, , 5, 13, 13, 14, 
2017/6/20, , 2, 14, 13, 13, 
2017/1/1, , 60, 23, 6, 12, 70
2017/1/16, , 31, , , 10, 16
2017/1/23, , 49, 19, 21, 17, 71
2017/2/19, , 14, 2, 6, 11, 
2017/3/9, , 73, , 12, 12, 
2017/3/14, , 46, 15, 1, 11, 
2016/10/4, , 65, 7, , 11, 54
2016/10/10, , 2, 4, 17, 14, 44
2016/10/12, , 60, 1, 7, 12, 44
2016/10/17, , 44, 2, 25, 13, 19
2016/10/22, , 52, 4, 49, 14, 53
2016/10/24, , 30, 3, 32, 13, 13
2016/12/3, , 78, 40, 18, 15, 102
2016/7/6, , 29, 8, 5, 13, 38
2016/7/12, , 38, 8, 5, , 
2016/7/25, , 25, 8, 25, 15, 13
2016/8/7, , 29, 9, 15, 13, 14
2016/8/21, , 32, 9, 8, 13, 25
2016/9/13, , 50, 7, 17, 13, 31
2016/4/12, , 63, 32, 22, , 26
2016/4/18, , 48, , 11, , 18
2016/4/24, , 30, 74, 13, , 26
2016/5/8, , 38, 122, 8, , 28
2016/6/6, , 4, 22, 15, 12, 29
2016/6/21, , 63, 20, 4, 13, 24
2016/1/3, , , 17, 20, 6, 23
2016/1/10, , , 7, 14, 6, 13
2016/1/18, , 7, 5, 3, 6, 13
2016/1/26, , 30, 17, 1, 6, 8
2016/2/18, , 9, 18, 26, 6, 14
2016/2/21, , 5, 16, 25, 6, 17
2016/2/25, , 72, 12, 17, 6, 20
2016/3/3, , 54, 2, 21, 7, 19
2016/3/30, , 63, 3, 18, , 26
2014/10/12, , 8, 25, 37, , 19
2014/7/15, , 44, 2, 29, 9, 25
2014/7/27, , 20, 6, 31, 10, 26
2014/8/20, , 53, 7, 42, 15, 29
2014/8/26, , 41, 9, 17, 11, 14
2014/6/17, , 56, 7, 41, 7, 28
2014/1/1, , 124, 22, 40, 6, 28
2014/1/5, , 115, 65, 35, 5, 33
2014/1/20, , 100, , 57, 22, 39
2023/12/26, , , 5, 38, 25, 9
2023/12/27, , , 31, 37, 25, 9
2019/7/27, , , 15, 22, , 10
2019/7/28, , , 17, 24, , 9
2019/8/9, , , 13, 17, , 7
2016/8/16, , , 9, 8, 12, 21
2016/8/17, , , 10, 8, 12, 16
2016/8/19, , , 9, 8, 13, 19
2016/2/24, , , 14, 12, 7, 6
2014/10/15, , , 27, 39, , 25
2014/10/16, , , 15, 32, , 31
2014/10/17, , , 15, 29, , 21
2014/10/18, , , 14, 29, , 20
2014/10/19, , , 12, 26, , 23
2014/10/20, , , 15, 26, , 26
2014/10/21, , , 6, 15, , 14
2014/10/22, , , 9, 20, , 17
2014/10/23, , , 10, 24, , 18
2014/10/24, , , 11, 15, , 17
2014/10/27, , , 14, 22, , 27
2014/10/28, , , 4, 15, , 18
2014/10/29, , , 8, 14, , 20
2014/10/30, , , 4, 15, , 23
2014/10/31, , , 4, 14, , 19
2014/11/1, , , 5, 13, , 13
2014/11/2, , , 5, 17, , 12
2014/11/3, , , 12, 26, , 18
2014/11/4, , , 18, 31, , 27
2014/11/5, , , 10, 14, , 17
2014/11/6, , , 3, 11, , 12
2014/11/7, , , 3, 14, , 11
2014/11/8, , , 2, 14, , 13
2014/11/9, , , 19, 13, , 22
2014/11/10, , , 17, 11, , 16
2014/11/11, , , 9, 14, , 12
2014/11/12, , , 23, 17, , 12
2014/11/13, , , 27, 24, , 14
2014/11/14, , , 15, 27, , 17
2014/11/15, , , 21, 15, , 12
2014/11/16, , , 15, 17, , 13
2014/11/17, , , 17, 16, , 12
2014/11/18, , , 30, 20, , 17
2014/11/19, , , 27, 31, , 19
2014/11/20, , , 20, 36, , 24
2014/11/21, , , 24, 26, , 18
2014/11/22, , , 43, 25, , 17
2014/11/23, , , 67, 23, , 21
2014/11/24, , , 73, 24, , 17
2014/11/25, , , 189, 19, , 14
2014/11/26, , , 189, 18, , 19
2014/11/27, , , 185, 16, , 16
2014/11/28, , , 196, 14, , 10
2014/11/29, , , 181, 18, , 16
2014/11/30, , , 118, 21, , 17
2014/12/1, , , 20, 15, , 14
2014/12/2, , , 10, 15, , 15
2014/12/3, , , 9, 17, , 14
2014/12/4, , , 12, 23, , 14
2014/12/5, , , 11, 25, , 15
2014/12/6, , , 11, 13, , 9
2014/12/7, , , 15, 24, , 12
2014/12/8, , , 8, 31, , 21
2014/12/9, , , 9, 16, , 13
2014/12/10, , , 9, 17, , 12
2014/12/11, , , 9, 14, , 11
2014/12/12, , , 10, 22, , 15
2014/12/13, , , 10, 31, , 16
2014/12/14, , , 10, 30, , 18
2014/12/15, , , 10, 21, , 11
2014/12/16, , , 10, 20, , 13
2014/12/17, , , 10, 27, , 26
2014/12/18, , , 10, 30, , 37
2014/12/19, , , 10, 31, , 23
2014/12/20, , , 10, 21, , 14
2014/12/21, , , 10, 23, , 17
2014/12/22, , , 10, 35, , 23
2014/12/23, , , 10, 43, , 31
2014/12/24, , , 11, 39, , 31
2014/12/25, , , 11, 25, , 27
2014/12/26, , , 10, 15, 4, 14
2014/8/6, , , 3, 27, 10, 29
2014/8/7, , , 4, 27, 10, 21
2014/8/8, , , 6, 25, 10, 21
2014/8/9, , , 7, 10, 11, 18
2014/8/10, , , 4, 20, 11, 20
2014/8/11, , , 26, 19, 11, 16
2014/8/12, , , 16, 15, 9, 10
2014/8/13, , , 25, 19, 10, 13
2014/8/14, , , 6, 20, 10, 15
2014/8/15, , , 4, 25, 11, 20
2014/8/17, , , 4, 32, 11, 26
2014/8/18, , , 4, 17, 10, 17
2014/8/19, , , 15, 23, 10, 19
2019/8/5, , , , 20, , 7
2019/8/6, , , , 27, , 7
2019/8/7, , , , 21, , 7
2019/8/8, , , , 18, , 6
2019/8/10, , , , 16, , 6
2019/8/11, , , , 8, , 7
2019/8/12, , , , 9, , 7
2019/8/13, , , , 10, , 5
2019/8/14, , , , 9, , 5
2019/8/15, , , , 10, , 7
2019/8/16, , , , 8, , 7
2019/8/17, , , , 7, , 5
2019/8/18, , , , 10, , 7
2019/8/21, , , , 10, , 10
2019/8/22, , , , 6, , 5
2019/8/23, , , , 6, , 5
2019/8/24, , , , 8, , 6
2019/8/25, , , , 8, , 10
2018/3/6, , , , , 24, 